date,debit_th,hm,a_exploitation_h,a_externe_h,arrets_decide_h,a_maint_subie_h,a_maint_planifie_h,temps_ouverture_h,oee,trg,td,taux_panne,production_totale_t,production_mc_t,production_mp_t,production_bg10_t,debit_par_four_th,humidite_entree_pct,humidite_sortie_mc_pct,humidite_sortie_mp_pct,humidite_sortie_bg10_pct,hm_four_1_h,hm_four_2_h,hm_four_3_h,hm_four_4_h,hm_four_5_h,hm_four_6_h,hm_four_7_h,hm_four_8_h,cs_gaz_nm3t,cs_gazoline_kgt,cs_fuel_kgt,conso_energie_kcalt,qualite_traitee_******,qualite_traitee_BG10,qualite_traitee_BG10/MC,qualite_traitee_BG10/MC/BG10,qualite_traitee_BG10/MP,qualite_traitee_MC,qualite_traitee_MC ,qualite_traitee_MC /MP,qualite_traitee_MC /low cd,qualite_traitee_MC Low cd,qualite_traitee_MC/BG10,qualite_traitee_MC/BG22,qualite_traitee_MC/BG22/MP,qualite_traitee_MC/MP,qualite_traitee_MC/MP/BG10,qualite_traitee_MC/MP/BG22,qualite_traitee_MC/MP/MC Low cd,qualite_traitee_MP,qualite_traitee_MP/BG22,qualite_traitee_MP/MC,qualite_traitee_MP/MC Low cd,qualite_traitee_MP/MC/BG10
2026-01-01,371.0,20.75,1.08,2.0,0.0,0.17,0.0,24.0,0.8646,0.8024,0.9931,0.0069,7703.0,5540.0,2163.0,0.0,44.61196911196912,0.1613,0.0345,0.0559,0.0,23.750000000000004,23.750000000000004,13.750000000000002,23.416666666666668,23.583333333333332,22.916666666666668,20.666666666666668,20.833333333333336,12.657370800880662,11.62685512367494,14.003771766169162,131255.71679864993,False,False,False,False,False,False,False,False,False,False,False,False,False,True,False,False,False,False,False,False,False,False
2026-01-02,347.0,15.5,2.5,0.0,0.0,0.17,5.83,24.0,0.6458,0.5608,0.75,0.0069,5384.0,5054.0,330.0,0.0,44.131147540983605,0.1645,0.0356,0.0553,0.0,15.333333333333332,15.250000000000002,15.250000000000002,15.250000000000002,15.250000000000002,15.333333333333332,15.0,15.333333333333332,13.800897911380053,11.921734531993634,13.690241362552936,134837.35215453192,False,False,False,False,False,False,False,False,False,False,False,False,False,True,False,False,False,False,False,False,False,False
2026-01-03,317.0,19.33,2.25,2.42,0.0,0.0,0.0,24.0,0.8056,0.6377,1.0,0.0,6122.0,6122.0,0.0,0.0,39.581896551724135,0.1767,0.0352,0.0,0.0,20.000000000000004,20.5,19.5,19.166666666666668,19.666666666666668,17.833333333333336,17.833333333333336,20.166666666666668,15.288960700510788,13.942372881355965,14.257308781869689,146130.71806599153,False,False,False,False,False,True,False,False,False,False,False,False,False,False,False,False,False,False,False,False,False,False
2026-01-04,336.0,21.33,2.08,0.33,0.0,0.25,0.0,24.0,0.8889,0.746,0.9896,0.0104,7162.0,4192.0,2970.0,0.0,41.96484375,0.1713,0.0341,0.0549,0.0,22.166666666666668,22.333333333333336,23.000000000000004,23.000000000000004,22.0,19.0,17.166666666666668,22.0,14.562735343429624,12.166883116883074,13.902271203181451,139967.16294331185,False,False,False,False,False,False,False,False,False,False,False,False,False,True,False,False,False,False,False,False,False,False
2026-01-05,309.0,14.58,1.75,0.0,0.0,1.5,6.17,24.0,0.6076,0.4698,0.6806,0.0625,4510.0,4510.0,0.0,0.0,39.79411764705882,0.1752,0.033,0.0,0.0,15.166666666666666,15.166666666666666,13.5,15.333333333333332,15.166666666666666,15.166666666666666,12.166666666666666,11.666666666666666,14.512472487160675,14.087969924811981,14.322832674571794,141165.86829268283,False,False,False,False,False,True,False,False,False,False,False,False,False,False,False,False,False,False,False,False,False,False
2026-01-06,357.0,16.75,0.58,0.0,0.0,0.0,6.67,24.0,0.6979,0.6236,0.7222,0.0,5987.0,5987.0,0.0,0.0,44.67910447761194,0.1688,0.036,0.0,0.0,18.666666666666668,19.0,17.333333333333336,16.166666666666668,17.0,15.499999999999998,12.0,18.333333333333332,12.735176644526337,0.0,15.176863876863882,128115.22056121597,False,False,False,False,False,True,False,False,False,False,False,False,False,False,False,False,False,False,False,False,False,False
2026-01-07,414.0,22.25,0.92,0.0,0.0,0.0,0.83,24.0,0.9271,0.9598,0.9653,0.0,9214.0,5974.0,3240.0,0.0,51.76404494382022,0.1534,0.0346,0.0531,0.0,23.333333333333336,23.333333333333336,23.333333333333336,23.666666666666668,23.000000000000004,16.000000000000004,21.500000000000004,23.833333333333336,11.595851339671565,0.0,11.858970545348493,146183.98865856303,False,False,False,False,False,False,False,False,False,False,False,False,False,True,False,False,False,False,False,False,False,False
2026-01-08,458.0,18.33,0.17,0.0,0.0,0.17,5.33,24.0,0.7639,0.8753,0.7708,0.0069,8403.0,8403.0,0.0,0.0,57.29318181818182,0.1511,0.0358,0.0,0.0,19.666666666666668,20.000000000000004,19.666666666666668,19.0,18.666666666666668,17.0,15.0,17.666666666666668,9.767089020610149,0.0,10.803919354838714,102184.75038676664,False,False,False,False,False,True,False,False,False,False,False,False,False,False,False,False,False,False,False,False,False,False
2026-01-09,440.0,19.0,0.42,0.25,0.0,2.33,2.0,24.0,0.7917,0.8716,0.8194,0.0972,8367.0,3917.0,1120.0,3330.0,55.046052631578945,0.1536,0.0359,0.0547,0.0359,21.500000000000004,21.500000000000004,13.5,21.666666666666668,21.500000000000004,20.5,10.166666666666666,21.666666666666668,11.542869737712145,0.0,10.918349869451696,110643.23102665233,False,False,False,False,False,False,False,False,False,False,False,False,False,False,True,False,False,False,False,False,False,False
2026-01-10,428.0,22.58,1.17,0.25,0.0,0.0,0.0,24.0,0.941,1.0,1.0,0.0,9672.0,2892.0,6780.0,3330.0,52.18705035971223,0.1604,0.0345,0.0519,0.0,23.5,23.5,23.333333333333336,23.5,23.5,22.666666666666668,21.833333333333336,23.5,12.42999592999593,0.0,11.319386296763348,117181.61652191894,False,False,False,False,False,False,False,False,False,False,False,False,False,True,False,False,False,False,False,False,False,False
2026-01-11,356.0,23.17,0.83,0.0,0.0,0.0,0.0,24.0,0.9653,0.8589,1.0,0.0,8245.0,7445.0,800.0,0.0,44.48741007194244,0.1707,0.036,0.0526,0.0,24.0,24.0,23.5,23.416666666666668,23.000000000000004,22.833333333333332,20.833333333333336,23.750000000000004,13.480030604437644,12.491333333333511,12.919048291158381,130989.10291085512,False,False,False,False,False,False,False,False,False,False,False,False,False,True,False,False,False,False,False,False,False,False
2026-01-12,406.0,22.08,1.67,0.0,0.0,0.0,0.25,24.0,0.9201,0.9346,0.9896,0.0,8972.0,1972.0,7000.0,0.0,50.78490566037736,0.1695,0.0341,0.0532,0.0,22.083333333333332,23.5,23.25,23.5,23.166666666666668,22.416666666666668,15.583333333333334,23.166666666666668,12.005854696182023,11.554162384378172,11.450823672664326,117130.46104547473,False,False,False,False,False,False,False,False,False,False,False,False,False,True,False,False,False,False,False,False,False,False
2026-01-13,416.0,20.17,3.42,0.0,0.0,0.0,0.42,24.0,0.8403,0.8732,0.9826,0.0,8383.0,6870.0,1513.0,0.0,50.5,0.1646,0.0353,0.0532,0.0,23.833333333333336,23.000000000000004,23.166666666666668,17.666666666666668,23.000000000000004,17.916666666666668,17.666666666666668,19.75,11.965701559020044,11.224489795918364,10.999999999999998,114191.93343671717,False,False,False,False,False,False,False,False,False,False,False,False,False,True,False,False,False,False,False,False,False,False
2026-01-14,372.0,8.5,0.5,0.0,0.0,0.0,15.0,24.0,0.3542,0.3292,0.375,0.0,3160.0,1810.0,1350.0,0.0,46.470588235294116,0.1636,0.0346,0.0472,0.0,12.333333333333332,12.250000000000002,10.083333333333336,8.000000000000002,12.499999999999998,10.333333333333334,0.0,2.499999999999999,13.633832187765227,0.0,12.640232214370625,128231.80585443038,False,False,False,False,False,False,False,False,False,False,False,False,False,True,False,False,False,False,False,False,False,False
2026-01-15,395.0,16.58,6.42,0.0,0.0,0.0,1.0,24.0,0.691,0.6822,0.9583,0.0,6549.0,4349.0,0.0,2200.0,49.36432160804019,0.1623,0.0356,0.0,0.0356,20.5,20.166666666666668,20.083333333333336,19.833333333333332,20.083333333333336,20.000000000000004,12.0,0.0,12.313831926015279,0.0,11.30412063492063,115218.97869903801,False,False,False,False,False,False,False,False,False,False,True,False,False,False,False,False,False,False,False,False,False,False
2026-01-16,350.0,16.92,0.58,0.0,0.0,0.0,6.5,24.0,0.7049,0.6159,0.7292,0.0,5913.0,5913.0,0.0,0.0,43.69211822660098,0.1633,0.0353,0.0,0.0,21.0,20.833333333333336,20.833333333333336,20.833333333333336,20.916666666666668,20.916666666666668,5.000000000000001,5.000000000000001,12.708127864477577,0.0,14.900192554557124,129485.79528158295,False,False,False,False,False,True,False,False,False,False,False,False,False,False,False,False,False,False,False,False,False,False
2026-01-17,422.0,7.17,0.0,0.0,0.0,0.0,16.83,24.0,0.2986,0.3149,0.2986,0.0,3023.0,3023.0,0.0,0.0,52.72674418604651,0.1528,0.0344,0.0,0.0,9.333333333333336,9.0,9.0,6.0,9.0,6.0,0.0,9.0,11.473511293634497,0.0,11.05452380952382,108199.1223949719,False,False,False,False,False,True,False,False,False,False,False,False,False,False,False,False,False,False,False,False,False,False
2026-01-18,431.0,12.25,0.0,0.0,0.0,0.25,11.5,24.0,0.5104,0.5495,0.5104,0.0104,5275.0,5275.0,0.0,0.0,53.50803043110735,0.1575,0.0352,0.0,0.0,18.833333333333336,18.500000000000004,12.666666666666664,10.5,18.916666666666668,0.0,0.0,19.166666666666668,11.003726708074534,0.0,10.433483146067378,102513.94104265398,False,False,False,False,False,True,False,False,False,False,False,False,False,False,False,False,False,False,False,False,False,False
2026-01-19,354.0,10.17,0.0,0.0,0.0,0.0,13.83,24.0,0.4236,0.3748,0.4236,0.0,3598.0,3598.0,0.0,0.0,44.23770491803279,0.1694,0.0345,0.0,0.0,13.833333333333332,14.333333333333334,12.0,12.499999999999998,14.833333333333334,0.0,0.0,13.833333333333332,13.117895329206528,10.974750820748824,11.359318181818294,121361.06406336855,False,False,False,False,False,True,False,False,False,False,False,False,False,False,False,False,False,False,False,False,False,False
2026-01-20,354.0,12.92,0.0,0.0,0.0,0.0,11.08,24.0,0.5382,0.4768,0.5382,0.0,4577.0,4577.0,0.0,0.0,44.29354838709677,0.1648,0.0361,0.0,0.0,15.333333333333332,15.333333333333332,15.250000000000002,14.749999999999998,15.333333333333332,9.166666666666666,9.166666666666666,9.0,13.437378167641326,10.974750820748824,13.74219873150107,126469.48306751146,False,False,False,False,False,True,False,False,False,False,False,False,False,False,False,False,False,False,False,False,False,False
2026-01-21,297.0,15.5,0.0,0.0,0.0,0.0,8.5,24.0,0.6458,0.4802,0.6458,0.0,4610.0,4610.0,0.0,0.0,37.17741935483871,0.177,0.0358,0.0,0.0,16.000000000000004,16.833333333333332,14.666666666666668,15.916666666666666,15.75,15.916666666666666,13.000000000000002,15.916666666666666,15.870325888629695,10.974750820748824,15.859235413176988,151937.03524945767,False,False,False,False,False,True,False,False,False,False,False,False,False,False,False,False,False,False,False,False,False,False
2026-01-22,293.0,12.08,1.5,3.0,0.0,0.0,7.42,24.0,0.5035,0.3692,0.691,0.0,3544.0,3544.0,0.0,0.0,36.66206896551724,0.1817,0.0356,0.0,0.0,15.499999999999998,15.166666666666666,14.666666666666668,14.166666666666668,14.166666666666668,7.5,0.0,15.499999999999998,17.619037546271812,14.932666666666654,16.625080193957476,165544.6329006772,False,False,False,False,False,True,False,False,False,False,False,False,False,False,False,False,False,False,False,False,False,False
2026-01-23,384.0,10.5,0.0,0.0,0.0,0.0,13.5,24.0,0.4375,0.4199,0.4375,0.0,4031.0,2720.0,1311.0,0.0,47.98809523809524,0.1706,0.0346,0.0555,0.0,13.000000000000002,9.0,8.5,13.000000000000002,13.000000000000002,7.5,6.999999999999999,13.000000000000002,12.114032205060795,10.974750820748824,11.2782995951417,113781.08831555446,False,False,False,False,False,False,False,False,False,False,False,False,False,True,False,False,False,False,False,False,False,False
2026-01-24,992.0,6.25,0.0,0.0,0.0,3.0,14.75,24.0,0.2604,0.6456,0.2604,0.125,6198.0,4230.0,1968.0,0.0,53.739884393063576,0.1567,0.0358,0.0495,0.0,19.0,16.083333333333332,0.0,19.0,15.250000000000002,18.416666666666668,8.750000000000002,18.833333333333336,11.656353937872607,11.021764705882337,10.46218786846587,109292.79227170054,False,False,False,False,False,False,False,False,False,False,False,False,False,True,False,False,False,False,False,False,False,False
2026-01-25,409.0,15.0,0.0,0.0,9.0,0.0,0.0,24.0,0.625,0.6384,1.0,0.0,6129.0,4129.0,2000.0,0.0,51.075,0.1598,0.0366,0.055,0.0,19.0,19.0,0.0,18.0,18.0,19.0,8.000000000000002,19.0,11.840167614486681,10.843171296296296,11.341803534303539,114097.22148800785,False,False,False,False,False,False,False,False,False,False,False,False,False,True,False,False,False,False,False,False,False,False
2026-01-26,386.0,9.92,0.0,0.0,14.08,0.0,0.0,24.0,0.4132,0.3992,1.0,0.0,3832.0,1932.0,1900.0,0.0,48.30252100840335,0.1587,0.0362,0.0552,0.0,13.000000000000002,12.75,0.0,11.750000000000002,11.750000000000002,11.583333333333336,6.583333333333331,11.916666666666668,11.855457227138643,10.974750820748824,11.258633928571427,133811.7783141962,False,False,False,False,False,False,False,False,False,False,False,False,False,True,False,False,False,False,False,False,False,False
2026-01-27,355.0,17.83,0.0,0.0,5.83,0.33,0.0,24.0,0.7431,0.6596,0.9861,0.0139,6332.0,4760.0,1572.0,0.0,44.38317757009345,0.1614,0.0357,0.0549,0.0,21.0,21.0,0.0,19.583333333333336,20.083333333333336,20.5,20.166666666666668,20.333333333333336,12.897063568893191,10.974750820748824,13.685773685773686,125996.18698673404,False,False,False,False,False,False,False,False,False,False,False,False,False,True,False,False,False,False,False,False,False,False
2026-01-28,391.0,18.08,1.83,3.0,0.0,1.08,0.0,24.0,0.7535,0.7363,0.9549,0.0451,7068.0,3340.0,3728.0,0.0,48.857142857142854,0.1654,0.0346,0.0554,0.0,21.500000000000004,21.666666666666668,6.249999999999999,20.916666666666668,19.083333333333332,21.166666666666668,13.666666666666666,20.416666666666668,12.113544726978015,11.243468496568932,11.775089108910889,117089.87973967176,False,False,False,False,False,False,False,False,False,False,False,False,False,True,False,False,False,False,False,False,False,False
2026-01-29,397.0,16.67,0.0,7.33,0.0,0.0,0.0,24.0,0.6944,0.6888,1.0,0.0,6612.0,5600.0,1012.0,0.0,49.589999999999996,0.1585,0.0369,0.0552,0.0,22.583333333333336,22.416666666666668,13.666666666666666,22.333333333333336,17.333333333333336,17.166666666666668,0.0,17.833333333333336,11.910823356950894,11.225569526627199,11.156235318359778,113851.68957955229,False,False,False,False,False,False,False,False,False,False,False,False,False,True,False,False,False,False,False,False,False,False
2026-01-30,412.0,12.0,0.0,12.0,0.0,0.0,0.0,24.0,0.5,0.5153,1.0,0.0,4947.0,2920.0,2027.0,0.0,51.53125,0.146,0.0362,0.0549,0.0,24.0,24.0,24.0,24.0,0.0,0.0,0.0,0.0,11.34950475035375,10.974750820748824,11.2147342995169,56862.75884374373,False,False,False,False,False,False,False,False,False,False,False,False,False,True,False,False,False,False,False,False,False,False
2026-01-31,-1735.0,-2.67,0.0,26.67,0.0,0.0,0.0,24.0,-0.1111,0.4819,1.0,0.0,4626.0,2270.0,2356.0,0.0,51.78358208955224,0.1495,0.0359,0.053,0.0,22.5,22.083333333333332,21.75,23.000000000000004,0.0,0.0,0.0,0.0,11.366623432771293,10.974750820748824,11.2147342995169,105175.36662343277,False,False,False,False,False,False,False,False,False,False,False,False,False,True,False,False,False,False,False,False,False,False
2026-02-01,386.0,11.42,0.0,12.58,0.0,0.0,0.0,24.0,0.4757,0.4594,1.0,0.0,4410.0,4410.0,0.0,0.0,48.284671532846716,0.1507,0.0369,0.0,0.0,23.5,22.5,22.5,22.833333333333332,0.0,0.0,0.0,0.0,12.224036281179139,0.0,0.0,113109.00770975057,False,False,False,False,False,True,False,False,False,False,False,False,False,False,False,False,False,False,False,False,False,False
2026-02-02,426.0,1.3,0.0,22.7,0.0,0.0,0.0,24.0,0.0542,0.0577,1.0,0.0,554.0,554.0,0.0,0.0,53.2663853426633,0.1563,0.034,0.0,0.0,2.499999999999999,2.5672222222222247,2.666666666666668,2.666666666666668,0.0,0.0,0.0,0.0,11.324909747292418,10.974750820748824,11.2147342995169,103615.12996389937,False,False,False,False,False,True,False,False,False,False,False,False,False,False,False,False,False,False,False,False,False,False
2026-02-03,0.0,0.0,0.0,24.0,0.0,0.0,0.0,24.0,0.0,0.0,1.0,0.0,0.0,0.0,0.0,0.0,51.5380859375,0.0,0.0,0.0,0.0,0.0,0.0,0.0,0.0,0.0,0.0,0.0,0.0,11.836313520102266,10.974750820748824,11.2147342995169,112087.55198634967,False,False,False,False,False,False,False,False,False,False,False,False,False,True,False,False,False,False,False,False,False,False
2026-02-04,0.0,0.0,0.0,24.0,0.0,0.0,0.0,24.0,0.0,0.0,1.0,0.0,0.0,0.0,0.0,0.0,51.5380859375,0.0,0.0,0.0,0.0,0.0,0.0,0.0,0.0,0.0,0.0,0.0,0.0,11.836313520102266,10.974750820748824,11.2147342995169,112087.55198634967,False,False,False,False,False,False,False,False,False,False,False,False,False,True,False,False,False,False,False,False,False,False
2026-02-05,416.0,6.17,0.0,17.83,0.0,0.0,0.0,24.0,0.2569,0.267,1.0,0.0,2563.0,1310.0,1253.0,0.0,51.95270270270271,0.1553,0.0328,0.0545,0.0,12.333333333333332,7.333333333333331,12.333333333333332,12.166666666666666,0.0,0.0,0.0,5.166666666666667,11.597346859149434,10.974750820748824,11.2147342995169,107310.25048770971,False,False,False,False,False,False,False,False,False,False,False,False,False,True,False,False,False,False,False,False,False,False
2026-02-06,357.0,14.25,0.0,9.75,0.0,0.0,0.0,24.0,0.5938,0.5299,1.0,0.0,5087.0,2820.0,2267.0,0.0,44.62280701754386,0.1713,0.036,0.0551,0.0,23.166666666666668,23.833333333333336,21.416666666666668,23.583333333333332,10.666666666666666,0.0,1.3333333333333313,10.0,13.648956356736242,0.0,12.147122093023265,126419.46068409672,False,False,False,False,False,False,False,False,False,False,False,False,False,True,False,False,False,False,False,False,False,False
2026-02-07,333.0,16.25,0.83,6.92,0.0,0.0,0.0,24.0,0.6771,0.5643,1.0,0.0,5417.0,4640.0,777.0,0.0,41.66923076923077,0.1772,0.0352,0.0545,0.0,23.000000000000004,21.583333333333336,15.666666666666664,21.75,11.333333333333334,3.083333333333333,11.750000000000002,21.833333333333336,14.44458079991075,0.0,12.907286821705426,269156.3980062765,False,False,False,False,False,False,False,False,False,False,False,False,False,True,False,False,False,False,False,False,False,False
2026-02-08,372.0,16.83,0.0,7.17,0.0,0.0,0.0,24.0,0.7014,0.6524,1.0,0.0,6263.0,1710.0,4553.0,0.0,46.50742574257425,0.1736,0.036,0.0557,0.0,22.250000000000004,22.083333333333332,22.083333333333332,23.416666666666668,0.0,11.000000000000002,12.0,21.833333333333336,12.759227822210505,0.0,11.28214828120253,235054.0808717867,False,False,False,False,False,False,False,False,False,False,False,False,False,True,False,False,False,False,False,False,False,False
2026-02-09,356.0,18.0,1.33,4.17,0.0,0.5,0.0,24.0,0.75,0.6675,0.9792,0.0208,6408.0,3570.0,2838.0,0.0,44.5,0.1669,0.0374,0.0547,0.0,22.250000000000004,22.5,22.166666666666668,22.75,11.166666666666668,12.0,13.083333333333332,18.083333333333336,13.199217378217027,0.0,12.383239164765746,238202.86142322098,False,False,False,False,False,False,False,False,False,False,False,False,False,True,False,False,False,False,False,False,False,False
2026-02-10,365.0,21.92,0.92,0.0,0.0,1.17,0.0,24.0,0.9132,0.8329,0.9514,0.0486,7996.0,4910.0,3086.0,0.0,45.60456273764259,0.1624,0.0374,0.0547,0.0,22.583333333333336,21.916666666666668,22.5,21.583333333333336,20.5,22.166666666666668,21.416666666666668,22.666666666666668,13.14996114996115,0.0,12.122359228104905,215142.43265382695,False,False,False,False,False,False,False,False,False,False,False,False,False,True,False,False,False,False,False,False,False,False
2026-02-11,373.0,22.17,1.83,0.0,0.0,0.0,0.0,24.0,0.9236,0.862,1.0,0.0,8275.0,5400.0,2875.0,0.0,46.66353383458647,0.1617,0.0368,0.0533,0.0,22.916666666666668,22.333333333333336,22.583333333333336,22.333333333333336,22.583333333333336,19.166666666666668,22.416666666666668,23.000000000000004,12.757845341675628,0.0,12.04612561303591,209917.7678549849,False,False,False,False,False,False,False,False,False,False,False,False,False,True,False,False,False,False,False,False,False,False
2026-02-12,400.0,6.42,0.0,17.58,0.0,0.0,0.0,24.0,0.2674,0.2675,1.0,0.0,2568.0,1130.0,1438.0,0.0,50.025974025974016,0.1497,0.0356,0.0551,0.0,6.666666666666667,6.666666666666667,6.0,6.666666666666667,6.666666666666667,6.333333333333332,4.666666666666669,7.666666666666669,11.3839590443686,0.0,10.387530864197533,106677.15498442367,False,False,False,False,False,False,False,False,False,False,False,False,False,True,False,False,False,False,False,False,False,False
2026-02-13,443.0,16.83,1.33,5.83,0.0,0.0,0.0,24.0,0.7014,0.7776,1.0,0.0,7465.0,2640.0,2870.0,1955.0,55.433168316831676,0.1556,0.0389,0.0532,0.0389,20.666666666666668,20.000000000000004,11.000000000000002,21.0,21.0,20.000000000000004,0.0,21.0,10.8337575351641,0.0,0.0,100244.75847287341,False,False,False,False,False,False,False,False,False,False,False,False,False,False,True,False,False,False,False,False,False,False
2026-02-14,412.0,16.92,0.5,6.58,0.0,0.0,0.0,24.0,0.7049,0.7259,1.0,0.0,6969.0,4829.0,2140.0,0.0,51.5014164305949,0.1577,0.0368,0.0524,0.0,23.000000000000004,23.000000000000004,22.0,22.31666666666667,22.0,0.0,0.0,23.000000000000004,11.667338641937976,0.0,10.963164108618644,109081.40780599798,False,False,False,False,False,False,False,False,False,False,False,False,False,True,False,False,False,False,False,False,False,False
2026-02-15,435.0,15.25,0.0,8.75,0.0,0.0,0.0,24.0,0.6354,0.6908,1.0,0.0,6632.0,3742.0,2890.0,0.0,54.36065573770492,0.1596,0.036,0.0542,0.0,20.166666666666668,20.333333333333336,20.5,18.166666666666668,20.000000000000004,4.833333333333332,0.0,18.0,11.945647594168703,0.0,10.06183335409142,108765.23823884198,False,False,False,False,False,False,False,False,False,False,False,False,False,True,False,False,False,False,False,False,False,False
2026-02-16,418.0,19.92,1.25,1.83,0.0,0.0,1.0,24.0,0.8299,0.8674,0.9583,0.0,8327.0,5017.0,3310.0,0.0,52.26150627615063,0.1602,0.036,0.0542,0.0,10.166666666666666,23.000000000000004,22.583333333333336,22.666666666666668,22.416666666666668,18.0,18.500000000000004,22.0,12.074716202270382,10.582358803986706,10.742572916666672,112621.31878227455,False,False,False,False,False,False,False,False,False,False,False,False,False,True,False,False,False,False,False,False,False,False
2026-02-17,438.0,20.0,2.25,0.58,0.0,1.17,0.0,24.0,0.8333,0.9118,0.9514,0.0486,8753.0,0.0,8753.0,0.0,54.70625,0.1543,0.0,0.0554,0.0,21.0,21.500000000000004,21.666666666666668,21.0,21.0,17.333333333333336,17.0,19.5,11.604177437700342,10.962787878787893,10.817864253393664,111249.45144521882,False,False,False,False,False,False,False,False,False,False,False,False,False,False,False,False,False,True,False,False,False,False
2026-02-18,394.0,21.25,1.83,0.0,0.0,0.0,0.92,24.0,0.8854,0.8716,0.9618,0.0,8367.0,7357.0,1010.0,0.0,49.21764705882352,0.1572,0.036,0.055,0.0,19.5,23.333333333333336,23.333333333333336,22.166666666666668,20.833333333333336,17.333333333333336,22.166666666666668,21.333333333333332,12.127517895788248,11.278084815321465,12.855271339739966,121168.8272977172,False,False,False,False,False,False,False,False,False,False,False,False,False,True,False,False,False,False,False,False,False,False
2026-02-19,422.0,21.58,1.5,0.75,0.0,0.17,0.0,24.0,0.8993,0.9488,0.9931,0.0069,9108.0,4928.0,4180.0,0.0,50.9776119402985,0.1572,0.0361,0.0555,0.0,23.000000000000004,23.000000000000004,23.000000000000004,20.25,22.0,22.583333333333336,22.083333333333332,22.75,12.0713104588673,11.303048128342262,11.19352604828462,115463.25691699605,False,False,False,False,False,False,False,False,False,False,False,False,False,True,False,False,False,False,False,False,False,False
2026-02-20,412.0,21.5,0.0,1.75,0.0,0.0,0.75,24.0,0.8958,0.9229,0.9688,0.0,8860.0,4710.0,4150.0,0.0,51.511627906976734,0.1583,0.0368,0.0552,0.0,23.333333333333336,23.416666666666668,23.25,20.000000000000004,20.333333333333336,22.0,16.333333333333336,23.333333333333336,11.628028073352954,11.109289617486338,11.069030612244898,112759.82844243792,False,False,False,False,False,False,False,False,False,False,False,False,False,True,False,False,False,False,False,False,False,False
2026-02-21,423.0,14.5,0.0,9.5,0.0,0.0,0.0,24.0,0.6042,0.6388,1.0,0.0,6132.0,0.0,6132.0,0.0,52.86206896551724,0.155,0.0,0.0542,0.0,22.333333333333336,22.833333333333332,22.833333333333332,22.833333333333332,5.666666666666668,9.500000000000002,0.0,10.0,11.192732844478494,0.0,10.98735529261273,124950.01687866928,False,False,False,False,False,False,False,False,False,False,False,False,False,False,False,False,False,True,False,False,False,False
2026-02-22,427.0,11.33,0.0,12.67,0.0,0.0,0.0,24.0,0.4722,0.5046,1.0,0.0,4844.0,0.0,4844.0,0.0,53.4264705882353,0.1546,0.0,0.054,0.0,22.0,23.000000000000004,22.833333333333332,22.833333333333332,0.0,0.0,0.0,0.0,11.331131296449216,10.974750820748824,11.2147342995169,104846.95788604459,False,False,False,False,False,False,False,False,False,False,False,False,False,False,False,False,False,True,False,False,False,False
2026-02-23,410.0,5.42,0.0,18.58,0.0,0.0,0.0,24.0,0.2257,0.2313,1.0,0.0,2220.0,0.0,2220.0,0.0,51.230769230769226,0.1574,0.0,0.053,0.0,10.333333333333334,11.000000000000002,11.000000000000002,11.000000000000002,0.0,0.0,0.0,0.0,11.876576576576577,10.974750820748824,11.2147342995169,109893.96306306306,False,False,False,False,False,False,False,False,False,False,False,False,False,False,False,False,False,True,False,False,False,False
2026-02-24,385.0,11.5,0.0,12.5,0.0,0.0,0.0,24.0,0.4792,0.4611,1.0,0.0,4427.0,2480.0,1947.0,0.0,48.119565217391305,0.1632,0.0337,0.0558,0.0,23.166666666666668,23.166666666666668,23.166666666666668,22.5,0.0,0.0,0.0,0.0,12.76304495143438,10.974750820748824,11.2147342995169,118096.45493562231,False,False,False,False,False,False,False,False,False,False,False,False,False,False,False,False,False,False,False,True,False,False
2026-02-25,427.0,12.83,0.0,11.17,0.0,0.0,0.0,24.0,0.5347,0.5702,1.0,0.0,5474.0,3962.0,0.0,1512.0,53.31818181818181,0.1534,0.0351,0.0,0.0351,23.333333333333336,23.083333333333336,22.333333333333336,22.916666666666668,5.083333333333331,0.0,0.0,5.916666666666667,11.596455973693825,10.974750820748824,11.2147342995169,107302.00712458897,False,False,True,False,False,False,False,False,False,False,False,False,False,False,False,False,False,False,False,False,False,False
2026-02-26,450.0,16.17,0.0,7.83,0.0,0.0,0.0,24.0,0.6736,0.7584,1.0,0.0,7281.0,2390.0,1710.0,3181.0,56.296391752577314,0.1555,0.0358,0.0556,0.0358,22.166666666666668,21.833333333333336,22.0,18.583333333333336,21.75,0.0,0.9999999999999991,22.0,10.454207345420734,9.265549450549436,10.006249999999964,97555.07320423015,False,False,False,True,False,False,False,False,False,False,False,False,False,False,False,False,False,False,False,False,False,False
2026-02-27,438.0,16.0,0.0,8.0,0.0,0.0,0.0,24.0,0.6667,0.7301,1.0,0.0,7009.0,2530.0,1439.0,3040.0,54.7578125,0.158,0.0351,0.0445,0.0365,22.916666666666668,22.5,22.583333333333336,9.416666666666668,20.583333333333332,0.0,7.916666666666668,22.083333333333332,11.38658924892302,11.0444880174292,11.113324468085116,108747.8299329434,False,False,False,False,False,False,False,False,False,False,False,False,False,False,True,False,False,False,False,False,False,False
2026-02-28,443.0,19.0,0.5,0.75,0.0,0.75,3.0,24.0,0.7917,0.8761,0.8438,0.0313,8411.0,2810.0,2770.0,2831.0,55.335526315789465,0.1617,0.0351,0.0555,0.0364,16.25,22.083333333333332,21.083333333333336,21.500000000000004,22.250000000000004,5.499999999999999,21.25,22.083333333333332,10.988512188288036,10.779038202247198,10.741928020565556,106605.20609915588,False,False,False,False,False,False,False,False,False,False,False,False,False,False,True,False,False,False,False,False,False,False
2026-03-01,409.0,19.75,0.75,0.75,0.0,2.75,0.0,24.0,0.8229,0.8417,0.8854,0.1146,8080.0,2240.0,5840.0,0.0,51.1392405063291,0.1615,0.0346,0.0548,0.0,7.250000000000001,22.333333333333336,21.75,22.083333333333332,21.666666666666668,18.916666666666668,21.666666666666668,22.333333333333336,11.426360459311033,11.006349650349659,11.349311111111097,108318.33471534654,False,False,False,False,False,False,False,False,False,False,False,False,False,True,False,False,False,False,False,False,False,False
2026-03-02,410.0,22.58,0.67,0.75,0.0,0.0,0.0,24.0,0.941,0.9639,1.0,0.0,9253.0,6750.0,2503.0,0.0,51.21586715867158,0.1589,0.0349,0.0531,0.0,22.916666666666668,22.75,22.75,22.75,22.916666666666668,22.083333333333332,22.333333333333336,22.166666666666668,11.625665595956075,11.207563636363643,11.226614314664701,111363.48957094997,False,False,False,False,False,False,False,False,False,False,False,False,False,True,False,False,False,False,False,False,False,False
2026-03-03,430.0,19.17,0.0,4.83,0.0,0.0,0.0,24.0,0.7986,0.8578,1.0,0.0,8235.0,3190.0,1510.0,3535.0,53.70652173913043,0.1574,0.0345,0.0531,0.0345,22.666666666666668,22.666666666666668,13.583333333333336,23.000000000000004,23.000000000000004,15.0,10.416666666666668,23.000000000000004,10.616228896987977,10.23879781420766,10.033140394088674,102276.70595021253,False,False,False,False,False,False,False,False,False,False,False,False,False,False,True,False,False,False,False,False,False,False
2026-03-04,452.0,14.42,0.0,8.17,0.0,1.42,0.0,24.0,0.6007,0.6789,0.941,0.059,6517.0,3090.0,190.0,3237.0,56.505780346820806,0.1471,0.0359,0.0531,0.0359,22.75,22.5,6.0,20.333333333333336,20.583333333333332,2.000000000000001,0.0,21.166666666666668,10.492864815098972,0.0,0.0,97090.47813411079,False,False,False,False,False,False,False,False,False,False,False,False,False,False,True,False,False,False,False,False,False,False
2026-03-05,413.0,13.92,0.0,10.08,0.0,0.0,0.0,24.0,0.5799,0.5991,1.0,0.0,5751.0,3140.0,2611.0,0.0,51.65568862275449,0.161,0.0353,0.0531,0.0,22.916666666666668,22.333333333333336,0.0,22.333333333333336,21.75,0.0,0.0,22.0,11.612589114936533,0.0,0.0,107451.28708050774,False,False,False,False,False,False,False,False,False,False,False,False,False,True,False,False,False,False,False,False,False,False
2026-03-06,392.0,13.33,0.0,9.17,0.0,1.5,0.0,24.0,0.5556,0.5438,0.9375,0.0625,5220.0,0.0,3110.0,2110.0,52.9054054054054,0.158,0.0,0.0531,0.0353,22.166666666666668,22.166666666666668,22.166666666666668,22.166666666666668,4.250000000000001,0.0,0.0,5.750000000000001,11.471455938697318,10.974750820748824,11.2147342995169,106145.38180076628,False,False,False,False,True,False,False,False,False,False,False,False,False,False,False,False,False,False,False,False,False,False
2026-03-07,390.0,17.17,0.0,6.83,0.0,0.0,0.0,24.0,0.7153,0.697,1.0,0.0,6691.0,3990.0,2701.0,0.0,48.720873786407765,0.1592,0.0347,0.0531,0.0,23.000000000000004,22.916666666666668,23.000000000000004,23.000000000000004,22.5,0.0,0.0,22.916666666666668,12.326558063069795,10.974750820748824,11.2147342995169,114057.64175758482,False,False,False,False,False,False,False,False,False,False,False,False,False,True,False,False,False,False,False,False,False,False
2026-03-08,397.0,18.33,0.25,5.42,0.0,0.0,0.0,24.0,0.7639,0.7573,1.0,0.0,7270.0,2120.0,5150.0,0.0,49.56818181818181,0.1642,0.035,0.055,0.0,23.083333333333336,23.000000000000004,22.916666666666668,23.333333333333336,23.000000000000004,8.333333333333334,0.0,23.000000000000004,11.058109146810146,11.103407407407294,11.255515151515162,104175.00453920216,False,False,False,False,False,False,False,False,False,False,False,False,False,True,False,False,False,False,False,False,False,False
2026-03-09,386.0,15.25,0.42,8.33,0.0,0.0,0.0,24.0,0.6354,0.6134,1.0,0.0,5889.0,4780.0,1109.0,0.0,48.27049180327868,0.1646,0.0359,0.0551,0.0,19.416666666666668,19.250000000000004,19.250000000000004,19.250000000000004,15.666666666666664,14.749999999999998,0.0,14.416666666666666,12.143766803452667,11.253148148148137,11.355790043290039,114813.61708269654,False,False,False,False,False,False,False,False,False,False,False,False,False,True,False,False,False,False,False,False,False,False
2026-03-10,408.0,13.42,0.0,10.58,0.0,0.0,0.0,24.0,0.559,0.5701,1.0,0.0,5473.0,1023.0,3150.0,1300.0,50.99068322981366,0.1572,0.0354,0.0548,0.0354,23.25,23.000000000000004,22.916666666666668,22.166666666666668,8.750000000000002,0.0,0.0,7.250000000000001,12.549532378883915,11.378744939271238,11.35491847826088,117347.56687374381,False,False,False,False,False,False,False,False,False,False,False,False,False,False,True,False,False,False,False,False,False,False
2026-03-11,432.0,6.17,0.0,17.83,0.0,0.0,0.0,24.0,0.2569,0.2778,1.0,0.0,2667.0,1080.0,1587.0,0.0,47.62500000000001,0.1615,0.0336,0.0537,0.0,10.0,10.0,10.0,8.416666666666666,8.916666666666668,0.0,0.0,8.666666666666666,13.237057220708447,11.431028037383218,11.492326732673252,122817.8646419198,False,False,False,False,False,False,False,False,False,False,False,False,False,True,False,False,False,False,False,False,False,False
2026-03-12,372.0,17.17,0.0,6.83,0.0,0.0,0.0,24.0,0.7153,0.6652,1.0,0.0,6386.0,4000.0,2386.0,0.0,46.5,0.1655,0.0351,0.0559,0.0,23.083333333333336,22.916666666666668,22.916666666666668,23.000000000000004,22.5,0.0,0.0,22.916666666666668,12.897360565962348,11.40761035007611,11.2147342995169,128036.82649545884,False,False,False,False,False,False,False,False,False,False,False,False,False,True,False,False,False,False,False,False,False,False
2026-03-13,413.0,19.42,0.0,4.58,0.0,0.0,0.0,24.0,0.809,0.836,1.0,0.0,8026.0,2160.0,2620.0,3246.0,51.669527896995696,0.1554,0.0357,0.055,0.0357,22.250000000000004,22.250000000000004,22.250000000000004,22.166666666666668,22.166666666666668,19.166666666666668,3.0,22.083333333333332,11.527125713098645,10.428090225563913,10.36148583174277,108334.8180912036,False,False,False,False,False,False,False,False,False,False,False,False,False,False,False,True,False,False,False,False,False,False
2026-03-14,364.0,22.33,0.5,0.75,0.0,0.42,0.0,24.0,0.9306,0.847,0.9826,0.0174,8131.0,5040.0,3091.0,0.0,45.50932835820896,0.1664,0.0353,0.0556,0.0,23.083333333333336,22.916666666666668,21.833333333333336,23.000000000000004,22.333333333333336,21.666666666666668,20.916666666666668,22.916666666666668,13.708370388815768,12.056852173913047,12.792753539019959,129954.02465871356,False,False,False,False,False,False,False,False,False,False,False,False,False,True,False,False,False,False,False,False,False,False
2026-03-15,357.0,22.42,0.83,0.75,0.0,0.0,0.0,24.0,0.934,0.8343,1.0,0.0,8009.0,5680.0,2329.0,0.0,44.65985130111524,0.163,0.0357,0.0554,0.0,22.333333333333336,22.916666666666668,23.000000000000004,22.583333333333336,22.833333333333332,21.166666666666668,21.583333333333336,22.916666666666668,13.561102134535249,11.944256876401836,11.791492063492067,126160.71432138843,False,False,False,False,False,False,False,False,False,False,False,False,False,True,False,False,False,False,False,False,False,False
2026-03-16,333.0,20.75,1.83,0.75,0.0,0.67,0.0,24.0,0.8646,0.7198,0.9722,0.0278,6910.0,6910.0,0.0,0.0,41.62650602409638,0.1654,0.0352,0.0,0.0,22.0,21.916666666666668,21.25,21.666666666666668,21.0,18.916666666666668,17.666666666666668,21.583333333333336,13.463006177076183,12.424150246305421,12.219555825981136,128448.16917510856,False,False,False,False,False,False,False,False,False,False,False,False,False,True,False,False,False,False,False,False,False,False
2026-03-17,382.0,10.17,0.0,13.83,0.0,0.0,0.0,24.0,0.4236,0.4049,1.0,0.0,3887.0,3887.0,0.0,0.0,47.79098360655737,0.1621,0.0349,0.0,0.0,20.583333333333332,20.416666666666668,20.166666666666668,20.166666666666668,0.0,0.0,0.0,0.0,11.901723694365835,0.0,0.0,110126.64934396707,False,False,False,False,False,True,False,False,False,False,False,False,False,False,False,False,False,False,False,False,False,False
2026-03-18,341.0,22.0,1.25,0.75,0.0,0.0,0.0,24.0,0.9167,0.7813,1.0,0.0,7500.0,7500.0,0.0,0.0,42.61363636363637,0.168,0.0347,0.0,0.0,22.916666666666668,23.000000000000004,22.916666666666668,22.5,21.666666666666668,20.5,20.5,22.0,14.929334465650562,12.193947973159293,12.804729315628192,136375.67066666667,False,False,False,False,False,True,False,False,False,False,False,False,False,False,False,False,False,False,False,False,False,False
2026-03-19,334.0,20.25,2.0,0.75,0.0,1.0,0.0,24.0,0.8438,0.7036,0.9583,0.0417,6755.0,6755.0,0.0,0.0,41.697530864197525,0.1715,0.0353,0.0,0.0,21.666666666666668,21.0,21.500000000000004,19.166666666666668,19.166666666666668,19.5,19.666666666666668,20.333333333333336,14.889472177149951,13.636290352677738,13.208521110860243,141350.43760177647,False,False,False,False,False,True,False,False,False,False,False,False,False,False,False,False,False,False,False,False,False,False
2026-03-20,317.0,15.5,4.5,4.0,0.0,0.0,0.0,24.0,0.6458,0.5116,1.0,0.0,4911.0,4911.0,0.0,0.0,39.604838709677416,0.1788,0.0358,0.0,0.0,16.000000000000004,16.000000000000004,16.000000000000004,15.666666666666664,15.666666666666664,14.666666666666668,14.333333333333336,15.666666666666664,15.911970843846369,13.841747747747753,13.889017094017062,148335.8441254327,False,False,False,False,False,True,False,False,False,False,False,False,False,False,False,False,False,False,False,False,False,False
2026-03-21,323.0,22.5,0.92,0.0,0.0,0.58,0.0,24.0,0.9375,0.7572,0.9757,0.0243,7269.0,7269.0,0.0,0.0,40.38333333333333,0.1779,0.0355,0.0,0.0,23.5,23.5,23.000000000000004,22.416666666666668,21.583333333333336,22.0,21.583333333333336,22.416666666666668,14.910535169708805,14.62811238730635,12.799922519032384,142630.77060118312,False,False,False,False,False,True,False,False,False,False,False,False,False,False,False,False,False,False,False,False,False,False
2026-03-22,317.0,22.08,0.92,1.0,0.0,0.0,0.0,24.0,0.9201,0.7282,1.0,0.0,6991.0,6991.0,0.0,0.0,39.571698113207546,0.1783,0.0362,0.0,0.0,23.000000000000004,22.666666666666668,22.333333333333336,22.166666666666668,21.666666666666668,21.083333333333336,21.666666666666668,22.083333333333332,15.69639136809074,14.266751269035522,14.833913711115514,152430.04849091687,False,False,False,False,False,True,False,False,False,False,False,False,False,False,False,False,False,False,False,False,False,False
2026-03-23,379.0,22.5,1.5,0.0,0.0,0.0,0.0,24.0,0.9375,0.8882,1.0,0.0,8527.0,4607.0,0.0,3920.0,47.37222222222221,0.1686,0.0371,0.0,0.0371,23.833333333333336,23.166666666666668,23.166666666666668,22.666666666666668,23.000000000000004,22.5,18.583333333333336,23.083333333333336,12.144133624771275,11.801637560835964,11.38953405675744,118930.02169578987,False,False,False,False,False,False,False,False,False,False,True,False,False,False,False,False,False,False,False,False,False,False
2026-03-24,354.0,21.0,1.0,2.0,0.0,0.0,0.0,24.0,0.875,0.7743,1.0,0.0,7433.0,4313.0,0.0,3120.0,44.24404761904762,0.1676,0.036,0.0,0.036,21.666666666666668,22.0,22.0,21.500000000000004,21.166666666666668,20.000000000000004,18.0,21.666666666666668,13.103315545446595,12.394688588007742,11.382435942435938,124448.6258576618,False,False,False,False,False,False,False,False,False,False,True,False,False,False,False,False,False,False,False,False,False,False
2026-03-25,375.0,22.33,1.0,0.0,0.0,0.0,0.67,24.0,0.9306,0.8732,0.9722,0.0,8383.0,8383.0,0.0,0.0,46.91977611940299,0.1648,0.0361,0.0,0.0,23.666666666666668,23.666666666666668,23.666666666666668,22.333333333333336,22.833333333333332,22.666666666666668,21.166666666666668,18.666666666666668,12.347630394492985,12.457441860465126,11.898113485630066,123043.24883693192,False,False,False,False,False,True,False,False,False,False,False,False,False,False,False,False,False,False,False,False,False,False
2026-03-26,397.0,21.92,0.58,1.5,0.0,0.0,0.0,24.0,0.9132,0.9057,1.0,0.0,8695.0,5430.0,0.0,3280.0,49.59125475285171,0.1592,0.0354,0.0,0.0,22.5,22.5,22.333333333333336,22.0,22.0,21.0,21.0,22.0,12.133869467695169,11.264303539019968,12.188321123321124,120779.47832087408,False,False,False,False,False,False,False,False,False,False,False,True,False,False,False,False,False,False,False,False,False,False
2026-03-27,361.0,22.33,1.17,0.33,0.0,0.17,0.0,24.0,0.9306,0.8407,0.9931,0.0069,8071.0,4830.0,3241.0,0.0,45.17350746268657,0.1718,0.0361,0.0547,0.0,23.166666666666668,22.416666666666668,22.833333333333332,22.75,22.333333333333336,21.583333333333336,20.916666666666668,22.666666666666668,13.632235993695375,12.493369565217385,12.958772660303632,131945.90595960847,False,False,False,False,False,False,False,False,False,False,False,False,False,True,False,False,False,False,False,False,False,False
2026-03-28,323.0,22.75,1.0,0.25,0.0,0.0,0.0,24.0,0.9479,0.7656,1.0,0.0,7350.0,7350.0,0.0,0.0,40.38461538461539,0.1742,0.0353,0.0,0.0,23.5,23.166666666666668,23.000000000000004,23.333333333333336,22.083333333333332,22.166666666666668,21.0,23.750000000000004,13.808010544043348,12.392195767195767,12.451304796286744,130709.83666666667,False,False,False,False,False,True,False,False,False,False,False,False,False,False,False,False,False,False,False,False,False,False
2026-03-29,360.0,22.33,1.67,0.0,0.0,0.0,0.0,24.0,0.9306,0.8377,1.0,0.0,8042.0,5040.0,3002.0,0.0,45.01119402985074,0.1788,0.0352,0.0534,0.0,23.083333333333336,22.666666666666668,22.0,22.416666666666668,22.0,22.416666666666668,21.0,23.083333333333336,13.361374527253751,12.703050847457625,12.770870356637227,130378.60749813479,False,False,False,False,False,False,False,False,False,False,False,False,False,True,False,False,False,False,False,False,False,False
2026-03-30,382.0,22.25,0.83,0.5,0.0,0.0,0.42,24.0,0.9271,0.8843,0.9826,0.0,8489.0,4310.0,0.0,4179.0,47.69101123595506,0.1645,0.0354,0.0,0.0354,23.5,23.000000000000004,22.833333333333332,22.333333333333336,19.75,21.25,21.833333333333336,23.5,12.059201895275823,11.630398411501906,11.677637933646412,118839.18842030864,False,False,False,False,False,False,False,False,False,False,True,False,False,False,False,False,False,False,False,False,False,False
2026-03-31,394.0,21.58,1.5,0.0,0.0,0.0,0.92,24.0,0.8993,0.8859,0.9618,0.0,8505.0,6360.0,0.0,2145.0,49.25675675675676,0.1654,0.0356,0.0,0.0356,22.583333333333336,22.916666666666668,21.916666666666668,22.583333333333336,22.583333333333336,17.25,20.666666666666668,22.166666666666668,12.720972138797764,11.368937818177642,11.17953186467349,119658.29941211056,False,False,False,False,False,False,False,False,False,False,True,False,False,False,False,False,False,False,False,False,False,False
2026-04-01,412.0,21.33,0.75,0.0,0.0,0.0,1.92,24.0,0.8889,0.9164,0.9201,0.0,8797.0,8797.0,0.0,0.0,51.544921875,0.1621,0.0363,0.0,0.0,22.416666666666668,17.166666666666668,22.0,22.250000000000004,22.083333333333332,21.583333333333336,20.416666666666668,22.75,11.949398558844004,11.071489723600285,11.160340137422736,115492.86597703763,False,False,False,False,False,True,False,False,False,False,False,False,False,False,False,False,False,False,False,False,False,False
2026-04-02,411.0,22.75,1.25,0.0,0.0,0.0,0.0,24.0,0.9479,0.9743,1.0,0.0,9353.0,9353.0,0.0,0.0,51.39010989010989,0.1616,0.0357,0.0,0.0,23.583333333333332,23.416666666666668,23.000000000000004,21.75,22.0,22.0,22.666666666666668,23.583333333333332,11.782219221353738,10.484117647058815,10.455252821203764,110031.85806693038,False,False,False,False,False,True,False,False,False,False,False,False,False,False,False,False,False,False,False,False,False,False
2026-04-03,401.0,22.5,1.0,0.17,0.0,0.33,0.0,24.0,0.9375,0.9395,0.9861,0.0139,9019.0,5869.0,0.0,3150.0,50.105555555555554,0.1656,0.0365,0.0,0.0367,23.000000000000004,22.833333333333332,21.75,22.833333333333332,22.666666666666668,22.0,21.916666666666668,23.000000000000004,11.972793867399457,11.222975091177153,11.375358812255556,115831.37010755074,False,False,False,False,False,False,False,False,False,False,True,False,False,False,False,False,False,False,False,False,False,False
2026-04-04,342.0,21.0,3.0,0.0,0.0,0.0,0.0,24.0,0.875,0.7479,1.0,0.0,7180.0,7180.0,0.0,0.0,42.73809523809524,0.1815,0.036,0.0,0.0,22.250000000000004,21.75,19.333333333333336,20.750000000000004,21.166666666666668,20.25,19.75,22.75,14.859621477829174,12.807569620253187,14.341708613269867,143347.83788300838,False,False,False,False,False,True,False,False,False,False,False,False,False,False,False,False,False,False,False,False,False,False
2026-04-05,375.0,20.83,3.17,0.0,0.0,0.0,0.0,24.0,0.8681,0.8135,1.0,0.0,7731.0,7310.0,500.0,0.0,42.791512915129154,0.1735,0.0362,0.0553,0.0,23.083333333333336,23.083333333333336,21.25,23.083333333333336,22.833333333333332,22.5,21.500000000000004,23.333333333333336,13.606608871516375,13.539875912408727,14.667656536298729,139251.64674686323,False,False,False,False,False,False,False,False,False,False,False,False,False,True,False,False,False,False,False,False,False,False
2026-04-06,396.0,20.5,2.67,0.83,0.0,0.0,0.0,24.0,0.8542,0.8447,1.0,0.0,8109.0,4080.0,1670.0,2359.0,49.44512195121951,0.1823,0.0368,0.0551,0.0375,20.666666666666668,20.333333333333336,21.0,19.916666666666668,21.0,20.833333333333336,19.583333333333336,20.666666666666668,12.1485473289597,10.974750820748824,11.372146068567583,114958.8082994204,False,False,False,False,False,False,False,False,False,False,False,False,False,False,True,False,False,False,False,False,False,False
2026-04-07,492.0,10.17,0.0,0.0,0.0,0.0,13.83,24.0,0.4236,0.5216,0.4236,0.0,5007.0,5007.0,0.0,0.0,46.361111111111114,0.1693,0.0361,0.0,0.0,13.5,13.833333333333332,13.5,13.5,13.5,12.666666666666668,13.666666666666666,13.833333333333332,13.565929683369033,10.974750820748824,13.958844760992301,132731.3574995007,False,False,False,False,False,True,False,False,False,False,False,False,False,False,False,False,False,False,False,False,False,False
2026-04-08,396.0,19.75,1.5,0.0,0.0,0.0,2.75,24.0,0.8229,0.814,0.8854,0.0,7814.0,3814.0,4000.0,0.0,49.455696202531634,0.1699,0.0351,0.0551,0.0,22.5,22.5,22.666666666666668,22.666666666666668,21.75,21.333333333333332,1.7499999999999991,22.833333333333332,12.022138722453539,10.974750820748824,11.313841895865767,114244.61044279499,False,False,False,False,False,False,False,False,False,False,False,False,False,True,False,False,False,False,False,False,False,False
2026-04-09,371.0,20.08,0.92,0.0,0.0,0.0,3.0,24.0,0.8368,0.7758,0.875,0.0,7448.0,7448.0,0.0,0.0,46.35684647302905,0.1716,0.0363,0.0,0.0,23.333333333333336,22.333333333333336,22.583333333333336,23.5,22.833333333333332,22.916666666666668,0.0,23.166666666666668,12.053844998498048,11.265766423357656,14.788729965156792,124785.67568474756,False,False,False,False,False,True,False,False,False,False,False,False,False,False,False,False,False,False,False,False,False,False
2026-04-10,341.0,19.17,0.58,1.25,0.0,0.0,3.0,24.0,0.7986,0.6805,0.875,0.0,6533.0,6533.0,0.0,0.0,42.60652173913043,0.1768,0.0356,0.0,0.0,22.0,21.833333333333336,21.833333333333336,21.833333333333336,21.833333333333336,22.0,0.0,22.0,13.715040895834113,12.408847973404981,14.600844465252223,135389.6702893005,False,False,False,False,False,True,False,False,False,False,False,False,False,False,False,False,False,False,False,False,False,False
2026-04-11,316.0,20.0,1.0,0.0,0.0,0.0,3.0,24.0,0.8333,0.6588,0.875,0.0,6324.0,6324.0,0.0,0.0,39.525,0.1872,0.0367,0.0,0.0,23.25,22.833333333333332,23.000000000000004,22.0,23.000000000000004,22.583333333333336,0.0,23.333333333333336,14.99131300018268,16.675698393077848,15.9512124627354,148719.1978969007,False,False,False,False,False,True,False,False,False,False,False,False,False,False,False,False,False,False,False,False,False,False
2026-04-12,357.0,20.67,0.33,0.0,0.0,0.0,3.0,24.0,0.8611,0.7692,0.875,0.0,7384.0,7384.0,0.0,0.0,44.66129032258063,0.1723,0.0367,0.0,0.0,23.666666666666668,23.666666666666668,24.0,23.666666666666668,23.5,23.000000000000004,0.0,23.833333333333336,13.075783649552356,12.946419597989937,13.779067934152565,129957.4104821235,False,False,False,False,False,True,False,False,False,False,False,False,False,False,False,False,False,False,False,False,False,False
2026-04-13,482.0,17.33,1.33,4.5,0.0,0.0,0.83,24.0,0.7222,0.8702,0.9653,0.0,8354.0,5110.0,0.0,3244.0,54.720524017467255,0.1634,0.0362,0.0,0.038,22.0,21.833333333333336,21.833333333333336,21.666666666666668,22.0,21.666666666666668,0.0,21.666666666666668,11.648280482358198,10.974750820748824,10.111204195804191,107571.81080919321,False,False,False,False,False,False,False,False,False,False,False,True,False,False,False,False,False,False,False,False,False,False
2026-04-14,413.0,19.0,1.83,0.0,0.0,0.17,3.0,24.0,0.7917,0.8175,0.8681,0.0069,7848.0,2640.0,3450.0,1758.0,51.63157894736842,0.1694,0.0358,0.0553,0.0375,22.0,21.916666666666668,21.583333333333336,21.916666666666668,21.833333333333336,21.500000000000004,0.0,21.25,11.677472984206151,10.974750820748824,11.144986361156572,110362.33409785932,False,False,False,False,False,False,False,False,False,False,False,False,True,False,False,False,False,False,False,False,False,False
2026-04-15,424.0,19.83,0.5,0.0,0.0,0.67,3.0,24.0,0.8264,0.8766,0.8472,0.0278,8415.0,6430.0,580.0,1405.0,52.59375000000001,0.1574,0.0354,0.0548,0.0382,22.583333333333336,22.833333333333332,22.833333333333332,23.000000000000004,22.833333333333332,22.75,0.0,23.166666666666668,11.302748155546249,11.110889487870608,10.852059470631374,109081.78609625668,False,False,False,False,False,False,False,False,False,False,False,False,True,False,False,False,False,False,False,False,False,False
2026-04-16,405.0,19.33,0.0,0.0,0.0,0.0,4.67,24.0,0.8056,0.8149,0.8056,0.0,7823.0,7823.0,0.0,0.0,50.57974137931035,0.1549,0.0359,0.0,0.0,22.166666666666668,22.166666666666668,22.166666666666668,22.0,22.0,22.0,0.0,22.166666666666668,12.119409919851318,11.013240093240118,11.343300131554216,115689.67550811711,False,False,False,False,False,True,False,False,False,False,False,False,False,False,False,False,False,False,False,False,False,False
2026-04-17,425.0,20.83,0.17,0.0,0.0,0.0,3.0,24.0,0.8681,0.9216,0.875,0.0,8847.0,5040.0,780.0,0.0,53.081999999999994,0.1591,0.0353,0.0546,0.0349,23.833333333333336,23.833333333333336,23.833333333333336,23.750000000000004,23.750000000000004,23.833333333333336,0.0,23.833333333333336,11.14168968256971,10.115823157894736,11.039579022841338,109111.41533853284,False,False,False,False,False,False,False,False,False,False,False,False,False,False,False,True,False,False,False,False,False,False
2026-04-18,460.0,20.17,0.33,0.5,0.0,0.0,3.0,24.0,0.8403,0.9666,0.875,0.0,9279.0,0.0,4429.0,0.0,57.514462809917354,0.1556,0.0359,0.0553,0.0,23.750000000000004,23.750000000000004,19.166666666666668,23.666666666666668,23.666666666666668,23.666666666666668,0.0,23.666666666666668,10.582109129066106,10.83384729429206,10.823661971830989,108228.59564608255,False,False,False,False,False,False,False,False,False,False,False,False,False,True,False,False,False,False,False,False,False,False
2026-04-19,384.0,17.08,2.08,1.83,0.0,0.0,3.0,24.0,0.7118,0.6833,0.875,0.0,6560.0,0.0,3750.0,0.0,47.99999999999999,0.1707,0.036,0.0554,0.0,22.583333333333336,22.75,22.583333333333336,20.000000000000004,13.416666666666664,12.333333333333332,0.0,23.000000000000004,12.042820858798317,10.768390804597711,11.2147342995169,113033.34268292681,False,False,False,False,False,False,False,False,False,False,False,False,False,True,False,False,False,False,False,False,False,False
2026-04-20,452.0,20.33,0.67,0.0,0.0,0.0,3.0,24.0,0.8472,0.9577,0.875,0.0,9194.0,0.0,4384.0,0.0,56.52049180327868,0.1534,0.0363,0.0554,0.0,23.5,23.5,23.5,23.333333333333336,22.916666666666668,22.583333333333336,0.0,23.333333333333336,10.675407861600789,10.359399038461516,10.743576246334312,103754.11338916683,False,False,False,False,False,False,False,False,False,False,False,False,False,False,False,False,True,False,False,False,False,False
2026-04-21,418.0,20.25,0.75,0.0,0.0,0.0,3.0,24.0,0.8438,0.8808,0.875,0.0,8456.0,0.0,0.0,0.0,52.19753086419753,0.1655,0.0356,0.0,0.0,23.583333333333332,23.583333333333332,23.5,22.666666666666668,22.5,22.916666666666668,0.0,23.25,12.126198069022342,11.07254339863036,11.289460157480312,114932.64764664143,False,False,False,False,False,False,False,False,False,True,False,False,False,False,False,False,False,False,False,False,False,False
2026-04-22,422.0,20.17,0.83,0.0,0.0,0.0,3.0,24.0,0.8403,0.8865,0.875,0.0,8510.0,0.0,0.0,0.0,52.74793388429752,0.1628,0.036,0.0,0.0,22.916666666666668,23.416666666666668,23.333333333333336,23.333333333333336,23.333333333333336,21.416666666666668,0.0,23.583333333333332,11.491145058807625,10.974750820748824,10.727439353099737,107250.01903642778,False,False,False,False,False,False,False,False,False,True,False,False,False,False,False,False,False,False,False,False,False,False
2026-04-23,411.0,17.58,0.5,2.92,0.0,0.0,3.0,24.0,0.7326,0.7531,0.875,0.0,7230.0,0.0,0.0,0.0,51.398104265402836,0.1608,0.036,0.0,0.0,21.166666666666668,19.666666666666668,19.583333333333336,20.25,21.083333333333336,17.666666666666668,0.0,21.25,11.994742030890569,11.285989304812807,11.149331046312172,112543.63388658364,False,False,False,False,False,False,False,False,False,True,False,False,False,False,False,False,False,False,False,False,False,False
2026-04-24,381.0,20.83,0.17,0.0,0.0,0.0,3.0,24.0,0.8681,0.8265,0.875,0.0,7934.0,4104.5,0.0,0.0,47.604,0.15689999999999998,0.0366,0.0,0.0,23.916666666666668,23.750000000000004,24.0,24.0,23.750000000000004,23.833333333333336,0.0,23.416666666666668,12.773419773095624,0.0,11.31772675736962,118462.57304008068,False,False,False,False,False,False,False,False,False,True,False,False,False,False,False,False,False,False,False,False,False,False
2026-04-25,404.0,22.25,0.92,0.0,0.0,0.0,0.83,24.0,0.9271,0.937,0.9653,0.0,8995.0,8995.0,0.0,0.0,50.53370786516854,0.1577,0.0366,0.0,0.0,23.083333333333336,23.25,23.25,22.250000000000004,23.5,22.166666666666668,17.833333333333336,22.666666666666668,12.120898174004555,0.0,11.376251615015503,114224.35341856586,False,False,False,False,False,False,True,False,False,False,False,False,False,False,False,False,False,False,False,False,False,False
2026-04-26,405.0,23.67,0.33,0.0,0.0,0.0,0.0,24.0,0.9861,0.9991,1.0,0.0,9591.0,0.0,490.0,0.0,50.65669014084506,0.1557,0.0353,0.0554,0.0,23.666666666666668,23.666666666666668,23.5,23.5,23.666666666666668,23.666666666666668,23.833333333333336,23.833333333333336,12.101302460202605,11.242199999999983,11.263840236686395,113547.84125742884,False,False,False,False,False,False,False,False,False,False,False,False,False,False,False,False,False,False,False,False,True,False
2026-04-27,388.0,9.25,0.0,14.75,0.0,0.0,0.0,24.0,0.3854,0.374,1.0,0.0,3590.0,3590.0,0.0,0.0,48.513513513513516,0.1637,0.0362,0.0,0.0,9.75,9.166666666666666,6.999999999999999,9.500000000000002,9.500000000000002,9.75,9.583333333333334,9.75,11.504004650561942,11.367239635995965,10.853367346938674,108715.34526462395,False,False,False,False,False,False,True,False,False,False,False,False,False,False,False,False,False,False,False,False,False,False
2026-04-28,444.0,6.42,0.0,17.58,0.0,0.0,0.0,24.0,0.2674,0.297,1.0,0.0,2851.0,0.0,0.0,0.0,55.53896103896101,0.1527,0.0344,0.0,0.0,6.416666666666668,6.416666666666668,6.416666666666668,6.416666666666668,6.416666666666668,6.416666666666668,6.416666666666668,6.416666666666668,11.07997193967029,10.974750820748824,11.2147342995169,102449.1325850579,False,False,False,False,False,False,False,False,True,False,False,False,False,False,False,False,False,False,False,False,False,False
2026-04-29,437.0,16.0,0.0,8.0,0.0,0.0,0.0,24.0,0.6667,0.7278,1.0,0.0,6987.0,6987.0,0.0,0.0,54.5859375,0.1518,0.0372,0.0,0.0,18.333333333333332,18.25,15.416666666666668,16.083333333333332,13.583333333333336,15.166666666666666,13.666666666666666,17.500000000000004,11.301214445509748,10.851028806584367,11.2147342995169,106113.39902676399,False,False,False,False,False,False,True,False,False,False,False,False,False,False,False,False,False,False,False,False,False,False
2026-04-30,414.0,7.83,0.0,16.17,0.0,0.0,0.0,24.0,0.3264,0.3376,1.0,0.0,3241.0,3241.0,0.0,0.0,51.71808510638298,0.1533,0.0367,0.0,0.0,7.333333333333331,7.333333333333331,8.000000000000002,8.000000000000002,8.000000000000002,8.000000000000002,8.000000000000002,8.000000000000002,11.086383119024068,10.809807692307622,11.2147342995169,103630.04165381049,False,False,False,False,False,False,True,False,False,False,False,False,False,False,False,False,False,False,False,False,False,False
2026-05-01,420.0,9.25,0.0,14.75,0.0,0.0,0.0,24.0,0.3854,0.4049,1.0,0.0,3887.0,3887.0,0.0,0.0,52.52702702702702,0.1528,0.0361,0.0,0.0,9.500000000000002,9.500000000000002,9.500000000000002,9.500000000000002,9.0,9.333333333333336,8.000000000000002,9.666666666666668,11.549983611930514,10.358708133971296,0.0,108393.4003087214,False,False,False,False,False,False,True,False,False,False,False,False,False,False,False,False,False,False,False,False,False,False
2026-05-02,431.0,10.92,0.0,13.08,0.0,0.0,0.0,24.0,0.4549,0.4905,1.0,0.0,4709.0,2790.0,1919.0,0.0,53.919847328244266,0.1533,0.036,0.0536,0.0,11.666666666666666,10.75,11.416666666666666,10.666666666666666,11.000000000000002,11.5,8.666666666666666,11.666666666666666,11.301239058770035,10.124307692307694,0.0,107134.8241664897,False,False,False,False,False,False,False,True,False,False,False,False,False,False,False,False,False,False,False,False,False,False
2026-05-03,435.0,21.5,0.0,2.5,0.0,0.0,0.0,24.0,0.8958,0.9732,1.0,0.0,9343.0,5683.0,3660.0,0.0,54.31976744186046,0.1538,0.0372,0.0548,0.0,21.333333333333332,21.333333333333332,21.333333333333332,21.0,21.833333333333336,22.0,21.166666666666668,22.0,11.177462061896764,10.95490231669453,0.0,109803.20271861287,False,False,False,False,False,False,False,True,False,False,False,False,False,False,False,False,False,False,False,False,False,False
2026-05-04,442.0,9.33,0.0,14.67,0.0,0.0,0.0,24.0,0.3889,0.4298,1.0,0.0,4126.0,0.0,4126.0,0.0,55.25892857142857,0.1569,0.0,0.0552,0.0,9.500000000000002,9.500000000000002,9.500000000000002,9.166666666666666,9.0,9.166666666666666,9.666666666666668,9.166666666666666,10.340159015901587,10.269662921348303,0.0,101793.51987396988,False,False,False,False,False,False,False,False,False,False,False,False,False,False,False,False,False,True,False,False,False,False
2026-05-05,466.0,10.33,0.0,13.67,0.0,0.0,0.0,24.0,0.4306,0.5011,1.0,0.0,4811.0,4811.0,0.0,0.0,58.19758064516129,0.1505,0.0358,0.0,0.0,10.5,10.5,10.5,10.333333333333334,10.083333333333336,10.083333333333336,10.333333333333334,10.333333333333334,10.560417429513,10.52,0.0,104760.20827270838,False,False,False,False,False,True,False,False,False,False,False,False,False,False,False,False,False,False,False,False,False,False
2026-05-06,503.0,12.75,0.0,11.25,0.0,0.0,0.0,24.0,0.5313,0.6677,1.0,0.0,6410.0,2770.0,3640.0,0.0,62.843137254901976,0.145,0.0355,0.0549,0.0,12.666666666666664,12.666666666666664,12.666666666666664,12.666666666666664,13.000000000000002,13.000000000000002,12.666666666666664,12.666666666666664,9.967728415758591,9.801391941391946,0.0,96213.67831513262,False,False,False,False,False,False,False,False,False,False,False,False,False,True,False,False,False,False,False,False,False,False
2026-05-07,519.0,16.17,0.0,7.83,0.0,0.0,0.0,24.0,0.6736,0.8745,1.0,0.0,8395.0,5700.0,2695.0,0.0,64.90979381443299,0.1459,0.0355,0.0549,0.0,16.333333333333336,16.333333333333336,16.333333333333336,16.166666666666668,16.166666666666668,16.000000000000004,16.333333333333336,15.666666666666664,9.490725287301514,9.61963207681704,0.0,92327.86146515784,False,False,False,False,False,False,False,False,False,False,False,False,False,True,False,False,False,False,False,False,False,False
2026-05-08,0.0,0.0,0.0,24.0,0.0,0.0,0.0,24.0,0.0,0.0,1.0,0.0,0.0,0.0,0.0,0.0,51.5380859375,0.0,0.0,0.0,0.0,0.0,0.0,0.0,0.0,0.0,0.0,0.0,0.0,11.836313520102266,10.974750820748824,11.2147342995169,112087.55198634967,False,False,False,False,False,False,False,False,False,False,False,False,False,True,False,False,False,False,False,False,False,False
2026-05-09,494.0,12.17,0.0,11.83,0.0,0.0,0.0,24.0,0.5069,0.6259,1.0,0.0,6009.0,6009.0,0.0,0.0,61.73630136986301,0.1449,0.0371,0.0,0.0,12.166666666666666,12.166666666666666,13.000000000000002,13.000000000000002,11.333333333333334,11.333333333333334,12.166666666666666,12.166666666666666,11.021882910100434,10.503093425605538,11.2147342995169,106329.55483441504,False,False,False,False,False,True,False,False,False,False,False,False,False,False,False,False,False,False,False,False,False,False
2026-05-10,95.0,19.58,0.5,0.0,0.0,0.42,3.5,24.0,0.816,0.1944,0.8368,0.0174,1866.0,1866.0,0.0,0.0,52.81132075471699,0.1524,0.0357,0.0,0.0,4.833333333333332,4.833333333333332,4.833333333333332,4.833333333333332,3.833333333333333,3.833333333333333,4.5,3.833333333333333,11.253819829924575,10.973799162158835,11.2147342995169,107772.69239013926,False,False,False,False,False,True,False,False,False,False,False,False,False,False,False,False,False,False,False,False,False,False
2026-05-11,446.0,11.17,0.0,12.83,0.0,0.0,0.0,24.0,0.4653,0.5183,1.0,0.0,4976.0,4476.0,500.0,0.0,49.76000000000001,0.1586,0.036,0.0552,0.0,12.499999999999998,12.499999999999998,12.499999999999998,12.166666666666666,12.333333333333332,12.333333333333332,12.666666666666664,13.000000000000002,12.393618208189222,11.367239635995949,11.2147342995169,115707.84284565916,False,False,False,False,False,False,False,False,False,False,False,False,False,True,False,False,False,False,False,False,False,False
2026-05-12,509.0,20.0,0.0,4.0,0.0,0.0,0.0,24.0,0.8333,1.0,1.0,0.0,10188.0,0.0,4930.0,0.0,63.675,0.1457,0.0,0.0549,0.0375,21.666666666666668,21.166666666666668,21.166666666666668,14.083333333333334,21.166666666666668,21.25,19.833333333333332,19.666666666666668,8.969651764486505,8.135751124766813,11.2147342995169,84933.36356497841,False,False,False,False,False,False,False,False,False,False,False,False,False,False,False,False,False,False,True,False,False,False
2026-05-13,446.0,11.58,0.0,12.42,0.0,0.0,0.0,24.0,0.4826,0.5381,1.0,0.0,5166.0,3860.0,400.0,0.0,55.748201438848916,0.1511,0.0359,0.0552,0.0375,12.0,12.0,12.0,12.0,11.166666666666668,11.166666666666668,11.083333333333334,11.25,10.732419547079857,10.786759061833697,11.2147342995169,103990.97038327529,False,False,False,False,False,False,False,False,False,False,False,False,False,False,False,True,False,False,False,False,False,False
2026-05-14,434.0,23.25,0.42,0.0,0.0,0.33,0.0,24.0,0.9688,1.0,0.9861,0.0139,10102.0,6782.0,3320.0,0.0,54.31182795698924,0.1575,0.0351,0.0554,0.0,23.916666666666668,23.916666666666668,23.916666666666668,23.916666666666668,23.000000000000004,21.500000000000004,22.0,23.833333333333336,12.114202875206379,11.06284686998395,0.0,115792.43555731539,False,False,False,False,False,False,False,False,False,False,False,False,False,True,False,False,False,False,False,False,False,False
2026-05-15,389.0,17.0,0.0,7.0,0.0,0.0,0.0,24.0,0.7083,0.6895,1.0,0.0,6619.0,4540.0,2079.0,0.0,48.669117647058826,0.1644,0.0369,0.0555,0.0,17.0,17.0,17.0,17.0,17.0,17.0,17.0,17.0,11.066007560337308,11.168721568627447,11.054523809523811,111631.4700861157,False,False,False,False,False,False,False,False,False,False,False,False,False,True,False,False,False,False,False,False,False,False
2026-05-16,405.0,17.25,0.0,6.75,0.0,0.0,0.0,24.0,0.7188,0.7284,1.0,0.0,6993.0,3740.0,0.0,0.0,50.67391304347826,0.1578,0.0357,0.0,0.0349,17.083333333333336,17.416666666666668,17.416666666666668,17.0,16.833333333333332,18.0,17.0,17.25,12.091627112920474,11.260498309753357,11.284826388888886,114138.30480480482,False,False,False,False,False,False,False,False,False,False,False,True,False,False,False,False,False,False,False,False,False,False
2026-05-17,425.0,13.92,0.0,10.08,0.0,0.0,0.0,24.0,0.5799,0.6166,1.0,0.0,5919.0,3300.0,2619.0,0.0,53.164670658682645,0.1648,0.0371,0.055,0.0,13.833333333333332,13.999999999999998,13.833333333333332,13.999999999999998,13.833333333333332,13.999999999999998,13.999999999999998,13.833333333333332,11.816301703163017,11.162468085106381,11.354918478260869,112888.983189728,False,False,False,False,False,False,False,False,False,False,False,False,False,True,False,False,False,False,False,False,False,False
2026-05-18,421.0,5.17,0.0,18.83,0.0,0.0,0.0,24.0,0.2153,0.2267,1.0,0.0,2176.0,0.0,2176.0,0.0,52.64516129032258,0.1679,0.0,0.0544,0.0,5.083333333333334,5.083333333333334,5.083333333333334,5.083333333333334,5.666666666666668,4.666666666666666,4.666666666666666,6.0,11.442555147058824,10.974750820748824,0.0,105877.9627757353,False,False,False,False,False,False,False,False,False,False,False,False,False,False,False,False,False,True,False,False,False,False
2026-05-19,401.0,21.75,0.67,1.58,0.0,0.0,0.0,24.0,0.9063,0.9094,1.0,0.0,8730.0,7350.0,0.0,0.0,50.172413793103445,0.1646,0.0367,0.0,0.0354,22.75,23.166666666666668,23.000000000000004,22.75,23.000000000000004,22.833333333333332,13.000000000000002,23.5,12.14791277258567,12.786695035460987,0.0,114685.91420389462,False,False,False,False,False,False,False,False,False,False,True,False,False,False,False,False,False,False,False,False,False,False
2026-05-20,428.0,18.33,1.58,4.08,0.0,0.0,0.0,24.0,0.7639,0.8166,1.0,0.0,7839.0,4960.0,2879.0,0.0,53.44772727272726,0.1586,0.035,0.0556,0.0,20.916666666666668,20.083333333333336,20.916666666666668,20.833333333333336,20.750000000000004,20.833333333333336,0.0,22.333333333333336,11.52401490300895,11.167670493757457,0.0,110587.52583237659,False,False,False,False,False,False,False,False,False,False,False,False,False,True,False,False,False,False,False,False,False,False
2026-05-21,414.0,16.08,0.42,7.5,0.0,0.0,0.0,24.0,0.6701,0.6931,1.0,0.0,6654.0,4270.0,2384.0,0.0,51.71502590673575,0.1649,0.0367,0.0527,0.0,18.083333333333336,18.666666666666668,18.916666666666668,18.833333333333336,18.0,17.916666666666668,0.0,18.25,11.328137301212408,11.183346046275117,0.0,109121.68740607155,False,False,False,False,False,False,False,False,False,False,False,False,False,True,False,False,False,False,False,False,False,False
2026-05-22,437.0,18.33,3.67,2.0,0.0,0.0,0.0,24.0,0.7639,0.8354,1.0,0.0,8020.0,3600.0,4420.0,0.0,54.68181818181819,0.1585,0.0367,0.0556,0.0,19.666666666666668,19.833333333333332,19.833333333333332,19.5,19.333333333333336,19.666666666666668,9.0,19.833333333333332,11.029205607476635,10.338412228796832,0.0,105004.02880299248,False,False,False,False,False,False,False,False,False,False,False,False,False,True,False,False,False,False,False,False,False,False
2026-05-23,466.0,20.33,3.67,0.0,0.0,0.0,0.0,24.0,0.8472,0.9876,1.0,0.0,9481.0,6320.0,3161.0,0.0,53.66603773584905,0.1559,0.0363,0.0551,0.0,22.916666666666668,22.916666666666668,22.583333333333336,22.583333333333336,21.416666666666668,20.5,21.500000000000004,22.250000000000004,11.095393141669554,10.761254694057879,0.0,106415.84147241853,False,False,False,False,False,False,False,False,False,False,False,False,False,True,False,False,False,False,False,False,False,False
2026-05-24,410.0,16.67,1.5,4.25,0.0,1.58,0.0,24.0,0.6944,0.7113,0.934,0.066,6828.0,2878.0,3950.0,0.0,51.209999999999994,0.1596,0.0365,0.055,0.0,16.000000000000004,17.0,16.000000000000004,17.0,17.0,16.333333333333336,17.0,17.0,11.740467404674046,10.409444444444429,0.0,108913.05506736966,False,False,False,False,False,False,False,False,False,False,False,False,False,True,False,False,False,False,False,False,False,False
2026-05-25,437.0,20.25,1.33,2.42,0.0,0.0,0.0,24.0,0.8438,0.9219,1.0,0.0,8850.0,3590.0,5260.0,0.0,54.629629629629626,0.1656,0.0358,0.0552,0.0,21.333333333333332,21.500000000000004,10.75,21.583333333333336,21.666666666666668,21.75,22.0,21.416666666666668,10.68208036332285,10.360351276630341,0.0,99892.00949152543,False,False,False,False,False,False,False,False,False,False,False,False,False,True,False,False,False,False,False,False,False,False
2026-05-26,469.0,22.5,1.5,0.0,0.0,0.0,0.0,24.0,0.9375,1.0,1.0,0.0,10563.0,4440.0,6123.0,0.0,58.68333333333333,0.1606,0.0374,0.055,0.0,23.000000000000004,22.666666666666668,22.416666666666668,22.833333333333332,22.666666666666668,22.5,20.916666666666668,23.000000000000004,10.330423835501469,10.006105102430332,0.0,99178.44684275301,False,False,False,False,False,False,False,False,False,False,False,False,False,True,False,False,False,False,False,False,False,False
2026-05-27,0.0,0.0,0.0,24.0,0.0,0.0,0.0,24.0,0.0,0.0,1.0,0.0,0.0,0.0,0.0,0.0,51.5380859375,0.0,0.0,0.0,0.0,0.0,0.0,0.0,0.0,0.0,0.0,0.0,0.0,11.836313520102266,10.974750820748824,11.2147342995169,112087.55198634967,True,False,False,False,False,False,False,False,False,False,False,False,False,False,False,False,False,False,False,False,False,False
2026-05-28,0.0,0.0,0.0,24.0,0.0,0.0,0.0,24.0,0.0,0.0,1.0,0.0,0.0,0.0,0.0,0.0,51.5380859375,0.0,0.0,0.0,0.0,0.0,0.0,0.0,0.0,0.0,0.0,0.0,0.0,11.836313520102266,10.974750820748824,11.2147342995169,112087.55198634967,False,False,False,False,False,False,False,False,False,False,False,False,False,False,False,False,False,False,False,False,False,False
2026-05-29,516.0,11.17,0.0,12.83,0.0,0.0,0.0,24.0,0.4653,0.6005,1.0,0.0,5765.0,0.0,2295.0,3470.0,64.53358208955223,0.1522,0.0,0.0565,0.0353,12.0,11.5,11.000000000000002,11.000000000000002,11.000000000000002,11.000000000000002,10.833333333333336,11.000000000000002,9.236435643564356,9.958125874125894,11.2147342995169,88450.57970511711,False,False,False,False,True,False,False,False,False,False,False,False,False,False,False,False,False,False,False,False,False,False
2026-05-30,493.0,10.92,0.0,0.0,0.0,2.92,10.17,24.0,0.4549,0.5603,0.4549,0.1215,5379.0,0.0,4539.0,840.0,61.59160305343511,0.1524,0.0,0.0565,0.0366,12.0,10.833333333333336,10.75,10.75,10.75,10.75,10.75,10.75,10.081809194265942,9.558259564891218,11.2147342995169,96224.55530767799,False,False,False,False,True,False,False,False,False,False,False,False,False,False,False,False,False,False,False,False,False,False
2026-05-31,518.0,10.33,0.0,0.0,0.0,2.5,11.17,24.0,0.4306,0.5577,0.4306,0.1042,5354.0,0.0,0.0,5354.0,64.76612903225806,0.1506,0.0,0.0,0.0366,10.333333333333334,10.666666666666666,10.666666666666666,10.666666666666666,10.333333333333334,8.666666666666666,10.666666666666666,10.666666666666666,9.517241379310345,9.225348047538201,11.2147342995169,91014.80986178559,False,True,False,False,False,False,False,False,False,False,False,False,False,False,False,False,False,False,False,False,False,False
2026-06-01,488.0,23.5,0.5,0.0,0.0,0.0,0.0,24.0,0.9792,1.0,1.0,0.0,11462.0,2940.0,8522.0,0.0,61.403571428571425,0.1562,0.0358,0.0565,0.0,23.5,23.333333333333336,23.5,22.916666666666668,23.25,23.333333333333336,23.333333333333336,23.5,10.981245756147013,9.810062763409226,0.0,103120.40638632,False,False,False,False,False,False,False,False,False,False,False,False,False,False,False,False,False,False,False,True,False,False
2026-06-02,454.0,23.25,0.75,0.0,0.0,0.0,0.0,24.0,0.9688,1.0,1.0,0.0,10558.0,2930.0,5458.0,2170.0,56.763440860215056,16.02,3.58,5.64,3.78,23.5,23.166666666666668,23.083333333333336,23.166666666666668,23.166666666666668,23.5,23.166666666666668,23.25,10.618131172448722,10.981421052631577,0.0,103929.86039022543,False,False,False,False,False,False,False,False,False,False,False,False,False,False,False,False,False,False,False,False,False,True
2026-06-03,468.0,23.5,0.5,0.0,0.0,0.0,0.0,24.0,0.9792,1.0,1.0,0.0,11002.0,4150.0,6852.0,0.0,58.52127659574468,0.1575,0.0355,0.0565,0.0,23.666666666666668,23.5,23.5,23.5,23.166666666666668,23.5,23.5,23.666666666666668,10.327244807241575,10.200857142857151,0.0,99725.14251954193,False,False,False,False,False,False,False,False,False,False,False,False,False,False,False,False,False,False,False,True,False,False
2026-06-04,426.0,5.33,0.0,0.0,0.0,0.0,18.67,24.0,0.2222,0.2368,0.2222,0.0,2273.0,1890.0,383.0,0.0,53.2734375,0.1533,0.0355,0.0538,0.0,6.0,5.666666666666668,5.166666666666667,5.166666666666667,5.166666666666667,5.166666666666667,5.166666666666667,5.166666666666667,11.323029366306029,11.022580645161337,0.0,108741.8864936209,False,False,False,False,False,False,False,False,False,False,False,False,False,False,False,False,False,False,False,True,False,False
2026-06-05,429.0,19.42,3.58,0.0,0.0,0.0,1.0,24.0,0.809,0.8682,0.9583,0.0,8335.0,1150.0,2645.0,4540.0,53.6587982832618,0.1542,0.0358,0.0565,0.0358,20.000000000000004,20.000000000000004,17.0,20.000000000000004,20.000000000000004,18.333333333333332,20.000000000000004,20.000000000000004,11.887004140510218,10.606863207547125,0.0,110670.58356328729,False,False,False,False,False,False,False,False,False,False,False,False,False,False,False,False,False,False,False,False,False,True
2026-06-06,406.0,23.42,0.58,0.0,0.0,0.0,0.0,24.0,0.9757,0.9908,1.0,0.0,9512.0,2790.0,2922.0,3800.0,50.77580071174376,0.1604,0.0358,0.0565,0.0358,23.5,23.5,23.5,23.333333333333336,23.333333333333336,23.333333333333336,23.333333333333336,23.5,11.625188790065447,11.242200000000015,0.0,110219.00525651811,False,False,False,False,False,False,False,False,False,False,False,False,False,False,False,False,False,False,False,False,False,True
2026-06-07,404.0,23.25,0.75,0.0,0.0,0.0,0.0,24.0,0.9688,0.9786,1.0,0.0,9395.0,3530.0,5865.0,0.0,50.51075268817204,0.1692,0.0358,0.0565,0.0,23.333333333333336,23.666666666666668,23.5,23.5,23.5,23.000000000000004,22.666666666666668,22.833333333333332,11.475175461398493,11.015285126396238,0.0,108893.49334752528,False,False,False,False,False,False,False,False,False,False,False,False,False,False,False,False,False,False,False,True,False,False
2026-06-08,438.0,22.33,0.92,0.0,0.0,0.33,0.42,24.0,0.9306,1.0,0.9688,0.0139,9784.0,2844.0,2800.0,4140.0,54.76119402985074,0.154,0.0358,0.0569,0.0358,23.333333333333336,23.000000000000004,23.000000000000004,23.000000000000004,23.000000000000004,20.000000000000004,20.000000000000004,23.333333333333336,10.752698772613003,10.560305958132085,10.8682116104869,102272.8191946035,False,False,False,False,False,False,False,False,False,False,False,False,False,False,False,False,False,False,False,False,False,True
2026-06-09,439.0,23.33,0.5,0.0,0.0,0.17,0.0,24.0,0.9722,1.0,0.9931,0.0069,10232.0,4440.0,1760.0,4032.0,54.81428571428571,0.1562,0.0348,0.0555,0.0348,23.833333333333336,23.666666666666668,23.666666666666668,23.000000000000004,23.333333333333336,23.333333333333336,22.0,23.833333333333336,11.992608386638237,10.97570247933881,11.232822580645161,113560.03503713834,False,False,False,False,False,False,False,False,False,False,False,False,False,False,False,False,False,False,False,False,False,True
2026-06-10,458.0,23.5,0.5,0.0,0.0,0.0,0.0,24.0,0.9792,1.0,1.0,0.0,10773.0,4383.0,2750.0,3640.0,57.303191489361694,0.1536,0.0352,0.0555,0.0352,23.833333333333336,23.5,23.5,23.5,23.5,23.5,22.833333333333332,23.833333333333336,10.237573981736604,0.0,10.74952730079105,99884.31059129306,False,False,False,False,False,False,False,False,False,False,False,False,False,False,False,False,False,False,False,False,False,True
2026-06-11,447.0,22.92,1.08,0.0,0.0,0.0,0.0,24.0,0.9549,1.0,1.0,0.0,10235.0,4815.0,5420.0,0.0,55.82727272727272,0.1515,0.0351,0.0553,0.0,23.000000000000004,23.000000000000004,23.000000000000004,23.000000000000004,22.75,22.833333333333332,22.75,23.000000000000004,11.223026440165285,0.0,10.993578597681651,108749.14406448459,False,False,False,False,False,False,False,False,False,False,False,False,False,False,False,False,False,False,False,True,False,False
2026-06-12,523.0,22.58,1.08,0.0,0.0,0.33,0.0,24.0,0.941,1.0,0.9861,0.0139,11815.0,2190.0,5155.0,4470.0,65.39667896678966,0.1481,0.0362,0.0559,0.0362,22.666666666666668,22.250000000000004,22.75,21.583333333333336,22.833333333333332,23.083333333333336,22.250000000000004,23.25,10.062030263553462,0.0,9.862369281045755,94107.64092255611,False,False,False,False,False,False,False,False,False,False,False,False,False,False,False,False,False,False,False,False,False,True
2026-06-13,477.0,22.67,1.0,0.0,0.0,0.0,0.33,24.0,0.9444,1.0,0.9861,0.0,10816.0,7760.0,3056.0,0.0,59.42857142857143,0.1521,0.0353,0.0549,0.0,23.5,23.000000000000004,22.916666666666668,22.583333333333336,22.583333333333336,22.666666666666668,22.583333333333336,21.916666666666668,11.270904186701067,10.974750820748824,10.547435561380507,105768.08108357986,False,False,False,False,False,False,False,False,False,False,False,False,False,False,False,False,False,False,False,True,False,False
2026-06-14,493.0,15.5,0.0,8.5,0.0,0.0,0.0,24.0,0.6458,0.7955,1.0,0.0,7637.0,2570.0,2317.0,2750.0,61.588709677419345,0.1527,0.0355,0.0546,0.0355,23.666666666666668,13.000000000000002,23.833333333333336,23.833333333333336,12.833333333333336,0.9999999999999991,5.833333333333331,20.000000000000004,10.80699227445332,10.974750820748824,11.2147342995169,99997.09951551656,False,False,False,False,False,False,False,False,False,False,False,False,False,False,False,False,False,False,False,False,False,True
2026-06-15,466.0,15.08,0.0,8.92,0.0,0.0,0.0,24.0,0.6285,0.7324,1.0,0.0,7031.0,5540.0,1491.0,0.0,58.26795580110497,0.1574,0.0346,0.055,0.0,21.0,20.333333333333336,20.666666666666668,19.666666666666668,19.333333333333336,0.0,0.0,19.666666666666668,11.49580429526383,10.974750820748824,11.2147342995169,106370.67714407624,False,False,False,False,False,False,False,False,False,False,False,False,False,False,False,False,False,False,False,True,False,False
2026-06-16,452.0,17.5,0.0,6.5,0.0,0.0,0.0,24.0,0.7292,0.8232,1.0,0.0,7903.0,4820.0,3083.0,0.0,56.47689375893281,0.1694,0.0349,0.0538,0.0,23.933333333333334,13.000000000000002,23.666666666666668,23.416666666666668,23.333333333333336,8.750000000000002,0.0,23.833333333333336,11.538909274958876,10.974750820748824,11.2147342995169,106769.52752119448,False,False,False,False,False,False,False,False,False,False,False,False,False,False,False,False,False,False,False,True,False,False
2026-06-17,523.0,19.25,0.0,4.75,0.0,0.0,0.0,24.0,0.8021,1.0,1.0,0.0,10067.0,2420.0,4080.0,3567.0,65.37012987012986,0.1561,0.0354,0.0549,0.0,24.0,23.750000000000004,23.5,23.5,23.166666666666668,10.5,2.333333333333333,23.25,10.176225110289733,10.974750820748824,9.949071428571436,95963.2845932254,False,False,False,False,False,False,False,False,False,False,False,False,False,False,False,False,False,False,False,True,False,False
2026-06-18,443.0,22.67,0.83,0.0,0.0,0.5,0.0,24.0,0.9444,1.0,0.9792,0.0208,10046.0,2660.0,2986.0,4400.0,55.400735294117645,0.1557,0.035,0.0538,0.0,23.5,23.333333333333336,23.166666666666668,22.833333333333332,23.166666666666668,23.083333333333336,18.666666666666668,23.583333333333332,12.110736770903793,10.974750820748824,11.406325078543704,115270.17892693609,False,False,False,False,False,False,False,False,False,False,False,False,False,False,False,False,False,False,False,False,False,True
2026-06-19,485.0,21.92,0.0,2.08,0.0,0.0,0.0,24.0,0.9132,1.0,1.0,0.0,10622.0,4210.0,1392.0,5020.0,60.58174904942965,0.1458,0.0353,0.0552,0.0362,23.333333333333336,21.0,19.916666666666668,23.000000000000004,22.916666666666668,19.0,22.833333333333332,23.333333333333336,10.86934003538202,10.974750820748824,10.925581593575531,105117.27838448503,False,False,False,False,False,False,False,False,False,False,False,False,False,False,False,False,False,False,False,False,False,True
2026-06-20,534.0,18.5,0.0,5.5,0.0,0.0,0.0,24.0,0.7708,1.0,1.0,0.0,9884.0,444.0,4930.0,4510.0,66.78378378378379,0.1494,0.0348,0.0552,0.035,23.583333333333332,23.25,3.75,23.666666666666668,23.666666666666668,3.75,22.666666666666668,23.666666666666668,10.238690219732874,10.974750820748824,10.059616666666658,95430.04264467827,False,False,False,False,False,False,False,False,False,False,False,False,False,False,False,False,False,False,False,False,False,True
2026-06-21,446.0,19.75,0.0,4.25,0.0,0.0,0.0,24.0,0.8229,0.9167,1.0,0.0,8800.0,8800.0,0.0,0.0,55.69620253164556,0.1594,0.0351,0.0,0.0,22.5,22.416666666666668,11.333333333333334,22.083333333333332,22.416666666666668,11.5,22.416666666666668,23.333333333333336,12.139757754589086,10.974750820748824,11.391523032570703,113201.91397727274,False,False,False,False,False,True,False,False,False,False,False,False,False,False,False,False,False,False,False,False,False,False
2026-06-22,467.0,21.0,0.0,3.0,0.0,0.0,0.0,24.0,0.875,1.0,1.0,0.0,9803.0,5030.0,4773.0,0.0,58.351190476190474,0.16,0.0348,0.0546,0.0,24.0,23.166666666666668,14.749999999999998,23.166666666666668,22.833333333333332,14.083333333333334,22.333333333333336,23.666666666666668,11.832459425717852,10.974750820748824,11.134673731176791,110946.24018157704,False,False,False,False,False,False,False,False,False,False,False,False,False,True,False,False,False,False,False,False,False,False
2026-06-23,488.0,17.67,0.0,6.33,0.0,0.0,0.0,24.0,0.7361,0.8975,1.0,0.0,8616.0,1630.0,6986.0,0.0,60.96226415094339,0.1595,0.0349,0.0553,0.0,23.5,23.833333333333336,0.0,23.666666666666668,23.750000000000004,0.0,22.916666666666668,23.666666666666668,11.172818012999072,10.974750820748824,11.2147342995169,103382.0850742804,False,False,False,False,False,False,False,False,False,False,False,False,False,True,False,False,False,False,False,False,False,False
2026-06-24,481.0,17.75,0.0,6.25,0.0,0.0,0.0,24.0,0.7396,0.8894,1.0,0.0,8538.0,5140.0,1542.5,3398.0,60.12676056338028,0.155,0.0347,0.0,0.0352,23.666666666666668,23.666666666666668,0.0,23.666666666666668,23.750000000000004,0.0,23.833333333333336,23.416666666666668,11.41473412977278,10.974750820748824,11.2147342995169,105620.53490278753,False,False,False,False,False,False,False,False,False,False,True,False,False,False,False,False,False,False,False,False,False,False
2026-06-25,416.0,3.58,0.0,0.0,0.0,0.0,20.42,24.0,0.1493,0.1553,0.1493,0.0,1491.0,1160.0,1542.5,331.0,52.011627906976756,0.1584,0.0352,0.0,0.0364,3.999999999999999,3.999999999999999,0.0,4.749999999999999,4.833333333333332,0.0,5.583333333333332,5.499999999999999,13.016767270288398,10.974750820748824,11.2147342995169,120444.14755197853,False,False,False,False,False,False,False,False,False,False,True,False,False,False,False,False,False,False,False,False,False,False
2026-06-26,558.0,17.25,0.0,6.75,0.0,0.0,0.0,24.0,0.7188,1.0,1.0,0.0,9619.0,3090.0,1542.5,0.0,69.70289855072464,0.1455,0.0353,0.0,0.0362,9.75,21.833333333333336,8.25,22.916666666666668,22.583333333333336,6.666666666666667,22.75,23.25,9.675745919534256,10.974750820748824,11.2147342995169,89529.67699345046,False,False,False,False,False,False,False,False,False,False,True,False,False,False,False,False,False,False,False,False,False,False
2026-06-27,441.0,19.58,0.0,4.42,0.0,0.0,0.0,24.0,0.816,0.8995,1.0,0.0,8635.0,4530.0,4105.0,0.0,55.117021276595736,0.1697,0.0355,0.0556,0.0,22.666666666666668,22.916666666666668,10.583333333333334,22.333333333333336,22.5,10.0,22.333333333333336,23.333333333333336,12.100011240024477,11.339480809046048,11.2147342995169,112890.19316734222,False,False,False,False,False,False,False,False,False,False,False,False,False,True,False,False,False,False,False,False,False,False
2026-06-28,422.0,19.67,1.33,0.0,0.0,3.0,0.0,24.0,0.8194,0.8641,0.875,0.125,8295.0,8295.0,0.0,0.0,52.722457627118644,0.1673,0.035,0.0,0.0,20.000000000000004,20.000000000000004,20.000000000000004,19.75,19.0,19.0,19.583333333333336,20.000000000000004,12.130369379909745,11.365837967005191,11.2147342995169,115036.63315250151,False,False,False,False,False,True,False,False,False,False,False,False,False,False,False,False,False,False,False,False,False,False
2026-06-29,476.0,22.42,1.17,0.0,0.0,0.42,0.0,24.0,0.934,1.0,0.9826,0.0174,10675.0,10675.0,0.0,0.0,59.52602230483272,0.1546,0.0357,0.0,0.0,23.000000000000004,22.666666666666668,22.833333333333332,22.083333333333332,20.833333333333336,22.833333333333332,21.916666666666668,23.166666666666668,11.341752803836528,10.559815558022372,11.2147342995169,106995.3918501171,False,False,False,False,False,True,False,False,False,False,False,False,False,False,False,False,False,False,False,False,False,False
2026-06-30,506.0,21.0,0.67,0.83,0.0,0.75,0.75,24.0,0.875,1.0,0.9375,0.0313,10628.0,4150.0,0.0,0.0,63.26190476190475,0.145,0.0351,0.0,0.0356,22.5,22.416666666666668,22.5,22.333333333333336,20.916666666666668,21.0,15.333333333333332,21.0,10.532520086798428,10.34768133174792,11.2147342995169,100695.25169363944,False,False,False,False,False,False,False,False,False,False,True,False,False,False,False,False,False,False,False,False,False,False
